Frame,Label,Area,XM,YM,Major,Minor,Angle
1,1N4148WS_600V_6.avi:0.07 s,0.038,1.395,1.005,0.285,0.170,46.102
2,1N4148WS_600V_6.avi:0.13 s,0.038,1.396,1.004,0.286,0.170,46.045
3,1N4148WS_600V_6.avi:0.20 s,0.038,1.395,1.005,0.285,0.170,45.929
4,1N4148WS_600V_6.avi:0.27 s,0.038,1.395,1.005,0.285,0.170,46.226
5,1N4148WS_600V_6.avi:0.33 s,0.038,1.395,1.005,0.284,0.170,46.382
6,1N4148WS_600V_6.avi:0.40 s,0.038,1.395,1.005,0.285,0.170,46.265
7,1N4148WS_600V_6.avi:0.47 s,0.038,1.395,1.004,0.286,0.170,46.030
8,1N4148WS_600V_6.avi:0.53 s,0.038,1.395,1.004,0.286,0.170,46.030
9,1N4148WS_600V_6.avi:0.60 s,0.038,1.395,1.005,0.286,0.170,46.085
10,1N4148WS_600V_6.avi:0.67 s,0.038,1.395,1.004,0.285,0.170,45.941
11,1N4148WS_600V_6.avi:0.73 s,0.038,1.396,1.005,0.286,0.170,45.944
12,1N4148WS_600V_6.avi:0.80 s,0.038,1.395,1.004,0.285,0.170,45.908
13,1N4148WS_600V_6.avi:0.87 s,0.038,1.396,1.004,0.285,0.170,46.063
14,1N4148WS_600V_6.avi:0.93 s,0.038,1.395,1.005,0.285,0.170,46.055
15,1N4148WS_600V_6.avi:1.00 s,0.038,1.395,1.004,0.284,0.171,46.177
16,1N4148WS_600V_6.avi:1.07 s,0.038,1.395,1.004,0.286,0.169,46.050
17,1N4148WS_600V_6.avi:1.13 s,0.038,1.396,1.004,0.285,0.170,45.722
18,1N4148WS_600V_6.avi:1.20 s,0.038,1.396,1.004,0.286,0.170,46.117
19,1N4148WS_600V_6.avi:1.27 s,0.038,1.396,1.004,0.285,0.170,45.915
20,1N4148WS_600V_6.avi:1.33 s,0.038,1.394,1.003,0.284,0.170,49.047
21,1N4148WS_600V_6.avi:1.40 s,0.038,1.391,0.999,0.284,0.171,65.639
22,1N4148WS_600V_6.avi:1.47 s,0.038,1.378,0.983,0.284,0.172,104.726
23,1N4148WS_600V_6.avi:1.53 s,0.038,1.356,0.957,0.284,0.170,142.122
24,1N4148WS_600V_6.avi:1.60 s,0.038,1.329,0.933,0.284,0.171,144.782
25,1N4148WS_600V_6.avi:1.67 s,0.038,1.311,0.922,0.284,0.171,124.726
26,1N4148WS_600V_6.avi:1.73 s,0.038,1.301,0.918,0.283,0.171,112.236
27,1N4148WS_600V_6.avi:1.80 s,0.038,1.293,0.921,0.285,0.170,116.802
28,1N4148WS_600V_6.avi:1.87 s,0.038,1.295,0.938,0.284,0.171,123.666
29,1N4148WS_600V_6.avi:1.93 s,0.038,1.302,0.963,0.284,0.171,122.717
30,1N4148WS_600V_6.avi:2.00 s,0.038,1.309,0.991,0.284,0.170,119.480
31,1N4148WS_600V_6.avi:2.07 s,0.038,1.315,1.017,0.285,0.171,120.284
32,1N4148WS_600V_6.avi:2.13 s,0.038,1.315,1.037,0.285,0.170,121.271
33,1N4148WS_600V_6.avi:2.20 s,0.038,1.311,1.054,0.283,0.171,121.262
34,1N4148WS_600V_6.avi:2.27 s,0.038,1.304,1.065,0.285,0.170,120.339
35,1N4148WS_600V_6.avi:2.33 s,0.038,1.295,1.069,0.284,0.171,119.082
36,1N4148WS_600V_6.avi:2.40 s,0.038,1.285,1.071,0.285,0.171,119.344
37,1N4148WS_600V_6.avi:2.47 s,0.038,1.274,1.068,0.283,0.170,119.144
38,1N4148WS_600V_6.avi:2.53 s,0.038,1.267,1.064,0.284,0.171,118.925
39,1N4148WS_600V_6.avi:2.60 s,0.038,1.261,1.059,0.283,0.170,118.908
40,1N4148WS_600V_6.avi:2.67 s,0.038,1.260,1.057,0.283,0.171,119.002
41,1N4148WS_600V_6.avi:2.73 s,0.038,1.263,1.058,0.283,0.171,119.110
42,1N4148WS_600V_6.avi:2.80 s,0.038,1.268,1.062,0.283,0.171,119.454
43,1N4148WS_600V_6.avi:2.87 s,0.038,1.273,1.068,0.284,0.171,120.117
44,1N4148WS_600V_6.avi:2.93 s,0.038,1.275,1.074,0.283,0.171,121.303
45,1N4148WS_600V_6.avi:3.00 s,0.038,1.278,1.082,0.283,0.171,120.850
46,1N4148WS_600V_6.avi:3.07 s,0.038,1.278,1.092,0.284,0.171,120.236
47,1N4148WS_600V_6.avi:3.13 s,0.038,1.279,1.104,0.285,0.170,121.278
48,1N4148WS_600V_6.avi:3.20 s,0.038,1.279,1.122,0.284,0.170,120.797
49,1N4148WS_600V_6.avi:3.27 s,0.038,1.279,1.140,0.284,0.171,121.393
50,1N4148WS_600V_6.avi:3.33 s,0.038,1.277,1.156,0.284,0.171,122.047
51,1N4148WS_600V_6.avi:3.40 s,0.038,1.271,1.165,0.285,0.171,122.366
52,1N4148WS_600V_6.avi:3.47 s,0.038,1.260,1.166,0.284,0.170,122.078
53,1N4148WS_600V_6.avi:3.53 s,0.038,1.247,1.160,0.283,0.170,121.701
54,1N4148WS_600V_6.avi:3.60 s,0.038,1.233,1.149,0.286,0.170,121.212
55,1N4148WS_600V_6.avi:3.67 s,0.038,1.217,1.135,0.284,0.170,121.999
56,1N4148WS_600V_6.avi:3.73 s,0.038,1.201,1.117,0.283,0.171,123.120
57,1N4148WS_600V_6.avi:3.80 s,0.038,1.184,1.096,0.284,0.171,121.708
58,1N4148WS_600V_6.avi:3.87 s,0.038,1.166,1.073,0.283,0.170,120.835
59,1N4148WS_600V_6.avi:3.93 s,0.038,1.148,1.045,0.284,0.170,121.236
60,1N4148WS_600V_6.avi:4.00 s,0.038,1.134,1.017,0.283,0.171,121.596
61,1N4148WS_600V_6.avi:4.07 s,0.038,1.123,0.991,0.282,0.171,121.185
62,1N4148WS_600V_6.avi:4.13 s,0.038,1.115,0.966,0.285,0.170,120.990
63,1N4148WS_600V_6.avi:4.20 s,0.038,1.112,0.945,0.285,0.171,121.325
64,1N4148WS_600V_6.avi:4.27 s,0.038,1.109,0.921,0.285,0.170,121.029
65,1N4148WS_600V_6.avi:4.33 s,0.038,1.107,0.896,0.285,0.171,121.913
66,1N4148WS_600V_6.avi:4.40 s,0.038,1.105,0.868,0.285,0.172,120.990
67,1N4148WS_600V_6.avi:4.47 s,0.038,1.103,0.843,0.284,0.171,123.356
68,1N4148WS_600V_6.avi:4.53 s,0.038,1.102,0.819,0.286,0.170,125.303
69,1N4148WS_600V_6.avi:4.60 s,0.038,1.102,0.798,0.285,0.171,125.245
70,1N4148WS_600V_6.avi:4.67 s,0.038,1.107,0.780,0.283,0.171,124.001
71,1N4148WS_600V_6.avi:4.73 s,0.038,1.115,0.767,0.284,0.171,125.161
72,1N4148WS_600V_6.avi:4.80 s,0.038,1.125,0.757,0.286,0.171,125.537
73,1N4148WS_600V_6.avi:4.87 s,0.038,1.136,0.752,0.285,0.171,125.443
74,1N4148WS_600V_6.avi:4.93 s,0.038,1.152,0.751,0.284,0.171,125.767
75,1N4148WS_600V_6.avi:5.00 s,0.038,1.169,0.756,0.283,0.172,126.615
76,1N4148WS_600V_6.avi:5.07 s,0.038,1.187,0.766,0.284,0.171,126.346
77,1N4148WS_600V_6.avi:5.13 s,0.038,1.203,0.779,0.283,0.171,126.842
78,1N4148WS_600V_6.avi:5.20 s,0.038,1.216,0.793,0.284,0.172,127.698
79,1N4148WS_600V_6.avi:5.27 s,0.038,1.228,0.807,0.285,0.171,127.183
80,1N4148WS_600V_6.avi:5.33 s,0.038,1.236,0.819,0.283,0.171,126.883
81,1N4148WS_600V_6.avi:5.40 s,0.038,1.243,0.830,0.284,0.171,127.088
82,1N4148WS_600V_6.avi:5.47 s,0.038,1.247,0.839,0.284,0.171,127.342
83,1N4148WS_600V_6.avi:5.54 s,0.038,1.251,0.847,0.284,0.171,127.946
84,1N4148WS_600V_6.avi:5.60 s,0.038,1.253,0.853,0.286,0.171,126.768
85,1N4148WS_600V_6.avi:5.67 s,0.038,1.254,0.858,0.285,0.170,126.482
86,1N4148WS_600V_6.avi:5.74 s,0.038,1.252,0.861,0.283,0.172,126.795
87,1N4148WS_600V_6.avi:5.80 s,0.038,1.251,0.863,0.284,0.170,127.319
88,1N4148WS_600V_6.avi:5.87 s,0.038,1.247,0.862,0.284,0.171,127.883
89,1N4148WS_600V_6.avi:5.94 s,0.038,1.242,0.859,0.284,0.171,128.288
90,1N4148WS_600V_6.avi:6.00 s,0.038,1.234,0.855,0.285,0.171,127.797
91,1N4148WS_600V_6.avi:6.07 s,0.038,1.226,0.849,0.285,0.171,128.430
92,1N4148WS_600V_6.avi:6.14 s,0.038,1.216,0.842,0.283,0.171,127.699
93,1N4148WS_600V_6.avi:6.20 s,0.038,1.204,0.835,0.284,0.172,127.177
94,1N4148WS_600V_6.avi:6.27 s,0.038,1.194,0.828,0.284,0.171,127.046
95,1N4148WS_600V_6.avi:6.34 s,0.038,1.184,0.820,0.285,0.171,127.458
96,1N4148WS_600V_6.avi:6.40 s,0.038,1.175,0.814,0.284,0.171,126.553
97,1N4148WS_600V_6.avi:6.47 s,0.038,1.168,0.807,0.283,0.172,125.516
98,1N4148WS_600V_6.avi:6.54 s,0.038,1.161,0.799,0.286,0.171,125.840
99,1N4148WS_600V_6.avi:6.60 s,0.038,1.157,0.790,0.284,0.170,126.688
100,1N4148WS_600V_6.avi:6.67 s,0.038,1.153,0.780,0.284,0.171,127.931
101,1N4148WS_600V_6.avi:6.74 s,0.038,1.152,0.769,0.286,0.170,128.114
102,1N4148WS_600V_6.avi:6.80 s,0.038,1.153,0.758,0.284,0.171,128.108
103,1N4148WS_600V_6.avi:6.87 s,0.038,1.156,0.748,0.284,0.171,128.862
104,1N4148WS_600V_6.avi:6.94 s,0.038,1.162,0.742,0.284,0.171,129.353
105,1N4148WS_600V_6.avi:7.00 s,0.038,1.172,0.740,0.284,0.172,129.523
106,1N4148WS_600V_6.avi:7.07 s,0.038,1.182,0.741,0.284,0.172,129.543
107,1N4148WS_600V_6.avi:7.14 s,0.038,1.193,0.745,0.285,0.172,130.100
108,1N4148WS_600V_6.avi:7.20 s,0.038,1.204,0.751,0.285,0.171,128.959
109,1N4148WS_600V_6.avi:7.27 s,0.038,1.215,0.760,0.285,0.171,127.290
110,1N4148WS_600V_6.avi:7.34 s,0.038,1.227,0.769,0.286,0.170,126.900
111,1N4148WS_600V_6.avi:7.40 s,0.038,1.239,0.782,0.285,0.170,127.649
112,1N4148WS_600V_6.avi:7.47 s,0.038,1.252,0.794,0.284,0.171,127.884
113,1N4148WS_600V_6.avi:7.54 s,0.038,1.264,0.808,0.283,0.171,127.182
114,1N4148WS_600V_6.avi:7.60 s,0.038,1.276,0.823,0.286,0.170,127.025
115,1N4148WS_600V_6.avi:7.67 s,0.038,1.292,0.844,0.284,0.172,126.536
116,1N4148WS_600V_6.avi:7.74 s,0.038,1.310,0.871,0.285,0.171,126.346
117,1N4148WS_600V_6.avi:7.80 s,0.038,1.333,0.906,0.285,0.170,126.247
118,1N4148WS_600V_6.avi:7.87 s,0.038,1.358,0.945,0.286,0.170,126.215
119,1N4148WS_600V_6.avi:7.94 s,0.038,1.381,0.985,0.285,0.170,125.761
120,1N4148WS_600V_6.avi:8.00 s,0.038,1.401,1.024,0.286,0.171,124.920
121,1N4148WS_600V_6.avi:8.07 s,0.038,1.416,1.057,0.284,0.172,124.724
122,1N4148WS_600V_6.avi:8.14 s,0.038,1.427,1.086,0.284,0.171,124.099
123,1N4148WS_600V_6.avi:8.20 s,0.038,1.435,1.110,0.284,0.171,124.011
124,1N4148WS_600V_6.avi:8.27 s,0.038,1.437,1.127,0.285,0.170,123.388
125,1N4148WS_600V_6.avi:8.34 s,0.038,1.437,1.139,0.284,0.170,123.001
126,1N4148WS_600V_6.avi:8.40 s,0.038,1.432,1.144,0.284,0.171,122.325
127,1N4148WS_600V_6.avi:8.47 s,0.038,1.423,1.141,0.284,0.172,124.095
128,1N4148WS_600V_6.avi:8.54 s,0.038,1.410,1.131,0.285,0.169,125.408
129,1N4148WS_600V_6.avi:8.60 s,0.038,1.394,1.117,0.283,0.171,124.569
130,1N4148WS_600V_6.avi:8.67 s,0.038,1.377,1.100,0.286,0.170,123.477
131,1N4148WS_600V_6.avi:8.74 s,0.038,1.361,1.080,0.284,0.170,122.996
132,1N4148WS_600V_6.avi:8.80 s,0.038,1.347,1.060,0.285,0.170,122.900
133,1N4148WS_600V_6.avi:8.87 s,0.038,1.337,1.037,0.285,0.171,123.836
134,1N4148WS_600V_6.avi:8.94 s,0.038,1.331,1.014,0.283,0.171,124.795
135,1N4148WS_600V_6.avi:9.00 s,0.038,1.326,0.989,0.285,0.170,125.550
136,1N4148WS_600V_6.avi:9.07 s,0.038,1.324,0.961,0.284,0.171,125.544
137,1N4148WS_600V_6.avi:9.14 s,0.038,1.322,0.930,0.286,0.171,126.540
138,1N4148WS_600V_6.avi:9.20 s,0.038,1.323,0.899,0.285,0.172,127.682
139,1N4148WS_600V_6.avi:9.27 s,0.038,1.324,0.865,0.284,0.172,127.810
140,1N4148WS_600V_6.avi:9.34 s,0.038,1.324,0.830,0.285,0.171,128.460
141,1N4148WS_600V_6.avi:9.40 s,0.038,1.328,0.796,0.284,0.171,129.595
142,1N4148WS_600V_6.avi:9.47 s,0.038,1.327,0.765,0.285,0.172,130.379
143,1N4148WS_600V_6.avi:9.54 s,0.038,1.325,0.737,0.285,0.172,129.721
144,1N4148WS_600V_6.avi:9.60 s,0.038,1.321,0.714,0.284,0.171,130.205
145,1N4148WS_600V_6.avi:9.67 s,0.038,1.318,0.699,0.286,0.171,131.914
146,1N4148WS_600V_6.avi:9.74 s,0.039,1.316,0.692,0.286,0.172,134.044
147,1N4148WS_600V_6.avi:9.80 s,0.038,1.315,0.697,0.286,0.171,132.885
148,1N4148WS_600V_6.avi:9.87 s,0.038,1.315,0.708,0.284,0.171,130.426
149,1N4148WS_600V_6.avi:9.94 s,0.038,1.313,0.720,0.285,0.171,129.980
150,1N4148WS_600V_6.avi:10.00 s,0.038,1.308,0.733,0.284,0.172,129.459
151,1N4148WS_600V_6.avi:10.07 s,0.038,1.302,0.744,0.284,0.171,129.878
152,1N4148WS_600V_6.avi:10.14 s,0.038,1.293,0.750,0.285,0.171,129.261
153,1N4148WS_600V_6.avi:10.20 s,0.038,1.279,0.750,0.284,0.171,127.996
154,1N4148WS_600V_6.avi:10.27 s,0.038,1.267,0.750,0.285,0.171,129.440
155,1N4148WS_600V_6.avi:10.34 s,0.038,1.259,0.751,0.283,0.171,130.743
156,1N4148WS_600V_6.avi:10.40 s,0.038,1.255,0.757,0.285,0.170,130.291
157,1N4148WS_600V_6.avi:10.47 s,0.038,1.254,0.763,0.284,0.171,130.323
158,1N4148WS_600V_6.avi:10.54 s,0.038,1.251,0.768,0.284,0.171,129.392
159,1N4148WS_600V_6.avi:10.60 s,0.038,1.249,0.774,0.285,0.171,128.397
160,1N4148WS_600V_6.avi:10.67 s,0.038,1.250,0.781,0.284,0.171,127.668
161,1N4148WS_600V_6.avi:10.74 s,0.038,1.256,0.793,0.283,0.171,126.964
162,1N4148WS_600V_6.avi:10.80 s,0.038,1.268,0.805,0.284,0.171,126.051
163,1N4148WS_600V_6.avi:10.87 s,0.038,1.286,0.824,0.285,0.171,126.995
164,1N4148WS_600V_6.avi:10.94 s,0.038,1.307,0.845,0.285,0.171,126.850
165,1N4148WS_600V_6.avi:11.00 s,0.038,1.334,0.872,0.284,0.171,125.643
166,1N4148WS_600V_6.avi:11.07 s,0.038,1.363,0.901,0.284,0.171,125.730
167,1N4148WS_600V_6.avi:11.14 s,0.038,1.390,0.929,0.283,0.171,125.154
168,1N4148WS_600V_6.avi:11.20 s,0.038,1.415,0.956,0.283,0.172,124.286
169,1N4148WS_600V_6.avi:11.27 s,0.038,1.436,0.980,0.284,0.172,123.854
170,1N4148WS_600V_6.avi:11.34 s,0.038,1.454,1.002,0.285,0.171,122.628
171,1N4148WS_600V_6.avi:11.40 s,0.038,1.472,1.027,0.283,0.171,120.504
172,1N4148WS_600V_6.avi:11.47 s,0.038,1.491,1.049,0.285,0.170,119.910
173,1N4148WS_600V_6.avi:11.54 s,0.038,1.506,1.068,0.284,0.172,120.379
174,1N4148WS_600V_6.avi:11.60 s,0.038,1.520,1.087,0.284,0.170,120.734
175,1N4148WS_600V_6.avi:11.67 s,0.038,1.534,1.104,0.285,0.170,123.288
176,1N4148WS_600V_6.avi:11.74 s,0.038,1.545,1.119,0.284,0.171,122.518
177,1N4148WS_600V_6.avi:11.80 s,0.038,1.551,1.129,0.285,0.171,122.382
178,1N4148WS_600V_6.avi:11.87 s,0.038,1.550,1.133,0.285,0.171,122.341
179,1N4148WS_600V_6.avi:11.94 s,0.038,1.544,1.129,0.285,0.171,122.942
180,1N4148WS_600V_6.avi:12.00 s,0.038,1.533,1.123,0.284,0.170,122.689
181,1N4148WS_600V_6.avi:12.07 s,0.038,1.519,1.113,0.284,0.171,122.242
182,1N4148WS_600V_6.avi:12.14 s,0.038,1.504,1.102,0.283,0.171,122.143
183,1N4148WS_600V_6.avi:12.20 s,0.038,1.491,1.093,0.285,0.171,121.532
184,1N4148WS_600V_6.avi:12.27 s,0.038,1.484,1.084,0.284,0.170,122.951
185,1N4148WS_600V_6.avi:12.34 s,0.038,1.483,1.079,0.286,0.171,123.221
186,1N4148WS_600V_6.avi:12.40 s,0.038,1.489,1.078,0.286,0.171,122.895
187,1N4148WS_600V_6.avi:12.47 s,0.038,1.497,1.083,0.284,0.171,122.134
188,1N4148WS_600V_6.avi:12.54 s,0.038,1.511,1.094,0.285,0.170,123.229
189,1N4148WS_600V_6.avi:12.60 s,0.038,1.530,1.112,0.284,0.171,124.624
190,1N4148WS_600V_6.avi:12.67 s,0.038,1.550,1.135,0.286,0.171,124.557
191,1N4148WS_600V_6.avi:12.74 s,0.038,1.568,1.160,0.285,0.171,123.339
192,1N4148WS_600V_6.avi:12.80 s,0.038,1.583,1.183,0.284,0.171,123.080
193,1N4148WS_600V_6.avi:12.87 s,0.038,1.595,1.205,0.284,0.170,124.151
194,1N4148WS_600V_6.avi:12.94 s,0.038,1.602,1.223,0.285,0.170,124.717
195,1N4148WS_600V_6.avi:13.00 s,0.038,1.604,1.235,0.285,0.170,124.486
196,1N4148WS_600V_6.avi:13.07 s,0.038,1.602,1.240,0.284,0.170,124.228
197,1N4148WS_600V_6.avi:13.14 s,0.038,1.593,1.238,0.285,0.171,125.790
198,1N4148WS_600V_6.avi:13.20 s,0.038,1.581,1.231,0.284,0.171,126.025
199,1N4148WS_600V_6.avi:13.27 s,0.038,1.564,1.217,0.285,0.171,125.244
200,1N4148WS_600V_6.avi:13.34 s,0.038,1.543,1.197,0.284,0.171,124.803
201,1N4148WS_600V_6.avi:13.40 s,0.038,1.518,1.171,0.285,0.170,125.030
202,1N4148WS_600V_6.avi:13.47 s,0.038,1.492,1.142,0.284,0.171,125.093
203,1N4148WS_600V_6.avi:13.54 s,0.038,1.466,1.113,0.286,0.170,124.048
204,1N4148WS_600V_6.avi:13.60 s,0.038,1.440,1.083,0.284,0.171,122.973
205,1N4148WS_600V_6.avi:13.67 s,0.038,1.414,1.053,0.285,0.171,123.329
206,1N4148WS_600V_6.avi:13.74 s,0.038,1.387,1.021,0.285,0.171,123.999
207,1N4148WS_600V_6.avi:13.80 s,0.038,1.362,0.993,0.283,0.170,124.798
208,1N4148WS_600V_6.avi:13.87 s,0.038,1.341,0.967,0.286,0.171,123.962
209,1N4148WS_600V_6.avi:13.94 s,0.038,1.322,0.944,0.284,0.171,124.631
210,1N4148WS_600V_6.avi:14.00 s,0.038,1.304,0.919,0.285,0.171,125.248
211,1N4148WS_600V_6.avi:14.07 s,0.038,1.288,0.892,0.285,0.170,125.070
212,1N4148WS_600V_6.avi:14.14 s,0.038,1.271,0.861,0.286,0.171,125.707
213,1N4148WS_600V_6.avi:14.20 s,0.038,1.257,0.831,0.285,0.171,125.449
214,1N4148WS_600V_6.avi:14.27 s,0.038,1.244,0.800,0.284,0.171,126.133
215,1N4148WS_600V_6.avi:14.34 s,0.038,1.232,0.771,0.285,0.171,126.129
216,1N4148WS_600V_6.avi:14.40 s,0.038,1.224,0.745,0.286,0.170,127.108
217,1N4148WS_600V_6.avi:14.47 s,0.038,1.222,0.726,0.285,0.172,126.072
218,1N4148WS_600V_6.avi:14.54 s,0.038,1.224,0.716,0.285,0.172,125.790
219,1N4148WS_600V_6.avi:14.60 s,0.038,1.234,0.714,0.284,0.172,125.254
220,1N4148WS_600V_6.avi:14.67 s,0.038,1.249,0.718,0.286,0.171,125.826
221,1N4148WS_600V_6.avi:14.74 s,0.038,1.265,0.727,0.284,0.172,126.345
222,1N4148WS_600V_6.avi:14.80 s,0.038,1.281,0.736,0.287,0.170,125.246
223,1N4148WS_600V_6.avi:14.87 s,0.038,1.296,0.747,0.285,0.172,124.333
224,1N4148WS_600V_6.avi:14.94 s,0.038,1.311,0.755,0.285,0.171,123.891
225,1N4148WS_600V_6.avi:15.00 s,0.038,1.323,0.763,0.286,0.171,124.734
226,1N4148WS_600V_6.avi:15.07 s,0.038,1.336,0.771,0.283,0.173,124.261
227,1N4148WS_600V_6.avi:15.14 s,0.038,1.349,0.780,0.285,0.171,124.150
228,1N4148WS_600V_6.avi:15.20 s,0.039,1.364,0.792,0.286,0.172,125.074
229,1N4148WS_600V_6.avi:15.27 s,0.038,1.379,0.805,0.286,0.171,125.198
230,1N4148WS_600V_6.avi:15.34 s,0.038,1.393,0.818,0.285,0.171,124.555
231,1N4148WS_600V_6.avi:15.40 s,0.039,1.407,0.828,0.286,0.171,124.449
232,1N4148WS_600V_6.avi:15.47 s,0.038,1.417,0.836,0.285,0.170,125.009
233,1N4148WS_600V_6.avi:15.54 s,0.038,1.425,0.838,0.283,0.171,125.034
234,1N4148WS_600V_6.avi:15.60 s,0.038,1.429,0.838,0.286,0.171,125.747
235,1N4148WS_600V_6.avi:15.67 s,0.038,1.431,0.835,0.285,0.171,125.867
236,1N4148WS_600V_6.avi:15.74 s,0.038,1.430,0.833,0.284,0.171,126.198
237,1N4148WS_600V_6.avi:15.80 s,0.038,1.428,0.830,0.285,0.170,126.188
238,1N4148WS_600V_6.avi:15.87 s,0.038,1.425,0.828,0.285,0.171,125.992
239,1N4148WS_600V_6.avi:15.94 s,0.039,1.422,0.828,0.287,0.171,125.816
240,1N4148WS_600V_6.avi:16.00 s,0.038,1.417,0.828,0.287,0.170,125.665
241,1N4148WS_600V_6.avi:16.07 s,0.038,1.412,0.830,0.286,0.171,125.761
242,1N4148WS_600V_6.avi:16.14 s,0.038,1.407,0.835,0.285,0.171,125.114
243,1N4148WS_600V_6.avi:16.20 s,0.038,1.401,0.839,0.286,0.171,125.341
244,1N4148WS_600V_6.avi:16.27 s,0.038,1.394,0.842,0.285,0.171,124.415
245,1N4148WS_600V_6.avi:16.34 s,0.038,1.386,0.842,0.283,0.172,124.596
246,1N4148WS_600V_6.avi:16.41 s,0.038,1.377,0.840,0.286,0.171,124.894
247,1N4148WS_600V_6.avi:16.47 s,0.038,1.367,0.836,0.284,0.171,124.880
248,1N4148WS_600V_6.avi:16.54 s,0.038,1.355,0.831,0.284,0.171,124.276
249,1N4148WS_600V_6.avi:16.61 s,0.038,1.346,0.825,0.286,0.171,123.818
250,1N4148WS_600V_6.avi:16.67 s,0.038,1.337,0.819,0.285,0.171,124.750
251,1N4148WS_600V_6.avi:16.74 s,0.038,1.331,0.811,0.285,0.170,125.053
252,1N4148WS_600V_6.avi:16.81 s,0.038,1.327,0.802,0.285,0.171,125.488
253,1N4148WS_600V_6.avi:16.87 s,0.038,1.326,0.792,0.285,0.171,126.437
254,1N4148WS_600V_6.avi:16.94 s,0.038,1.326,0.780,0.286,0.170,126.004
255,1N4148WS_600V_6.avi:17.01 s,0.038,1.327,0.767,0.285,0.171,125.838
256,1N4148WS_600V_6.avi:17.07 s,0.038,1.329,0.751,0.284,0.171,127.213
257,1N4148WS_600V_6.avi:17.14 s,0.038,1.332,0.735,0.285,0.171,127.738
258,1N4148WS_600V_6.avi:17.21 s,0.039,1.334,0.716,0.286,0.172,127.339
259,1N4148WS_600V_6.avi:17.27 s,0.038,1.332,0.695,0.285,0.170,127.800
260,1N4148WS_600V_6.avi:17.34 s,0.038,1.324,0.667,0.286,0.171,129.078
261,1N4148WS_600V_6.avi:17.41 s,0.038,1.309,0.636,0.285,0.171,129.351
262,1N4148WS_600V_6.avi:17.47 s,0.038,1.289,0.603,0.286,0.171,129.098
263,1N4148WS_600V_6.avi:17.54 s,0.038,1.267,0.571,0.286,0.170,129.055
264,1N4148WS_600V_6.avi:17.61 s,0.038,1.246,0.546,0.286,0.171,128.792
265,1N4148WS_600V_6.avi:17.67 s,0.038,1.226,0.527,0.286,0.171,128.299
266,1N4148WS_600V_6.avi:17.74 s,0.038,1.207,0.516,0.286,0.171,128.219
267,1N4148WS_600V_6.avi:17.81 s,0.039,1.190,0.511,0.286,0.171,127.453
268,1N4148WS_600V_6.avi:17.87 s,0.038,1.173,0.513,0.286,0.171,128.849
269,1N4148WS_600V_6.avi:17.94 s,0.038,1.158,0.521,0.283,0.172,129.224
270,1N4148WS_600V_6.avi:18.01 s,0.038,1.144,0.534,0.286,0.171,128.624
271,1N4148WS_600V_6.avi:18.07 s,0.038,1.131,0.550,0.286,0.171,128.087
272,1N4148WS_600V_6.avi:18.14 s,0.039,1.118,0.568,0.287,0.171,127.157
273,1N4148WS_600V_6.avi:18.21 s,0.038,1.107,0.589,0.285,0.172,126.621
274,1N4148WS_600V_6.avi:18.27 s,0.038,1.096,0.609,0.285,0.171,126.043
275,1N4148WS_600V_6.avi:18.34 s,0.038,1.088,0.630,0.286,0.172,125.470
276,1N4148WS_600V_6.avi:18.41 s,0.038,1.079,0.648,0.286,0.171,126.158
277,1N4148WS_600V_6.avi:18.47 s,0.038,1.069,0.663,0.284,0.170,126.735
278,1N4148WS_600V_6.avi:18.54 s,0.038,1.058,0.677,0.286,0.171,126.480
279,1N4148WS_600V_6.avi:18.61 s,0.038,1.048,0.690,0.286,0.171,126.207
280,1N4148WS_600V_6.avi:18.67 s,0.038,1.039,0.702,0.285,0.171,125.107
281,1N4148WS_600V_6.avi:18.74 s,0.038,1.034,0.717,0.285,0.171,124.140
282,1N4148WS_600V_6.avi:18.81 s,0.038,1.030,0.731,0.284,0.171,124.448
283,1N4148WS_600V_6.avi:18.87 s,0.038,1.029,0.745,0.285,0.171,124.154
284,1N4148WS_600V_6.avi:18.94 s,0.038,1.028,0.758,0.286,0.170,125.000
285,1N4148WS_600V_6.avi:19.01 s,0.038,1.025,0.765,0.286,0.171,126.471
286,1N4148WS_600V_6.avi:19.07 s,0.038,1.018,0.767,0.287,0.171,127.597
287,1N4148WS_600V_6.avi:19.14 s,0.038,1.009,0.767,0.284,0.172,127.810
288,1N4148WS_600V_6.avi:19.21 s,0.038,1.004,0.768,0.286,0.171,126.811
289,1N4148WS_600V_6.avi:19.27 s,0.038,1.001,0.769,0.284,0.171,124.609
290,1N4148WS_600V_6.avi:19.34 s,0.038,1.001,0.771,0.285,0.171,124.622
291,1N4148WS_600V_6.avi:19.41 s,0.038,1.005,0.774,0.284,0.171,125.612
292,1N4148WS_600V_6.avi:19.47 s,0.038,1.011,0.777,0.286,0.171,124.308
293,1N4148WS_600V_6.avi:19.54 s,0.038,1.023,0.786,0.286,0.170,124.348
294,1N4148WS_600V_6.avi:19.61 s,0.038,1.041,0.799,0.286,0.171,125.688
295,1N4148WS_600V_6.avi:19.67 s,0.038,1.058,0.811,0.285,0.171,125.898
296,1N4148WS_600V_6.avi:19.74 s,0.038,1.073,0.817,0.287,0.171,125.874
297,1N4148WS_600V_6.avi:19.81 s,0.038,1.086,0.821,0.284,0.171,125.871
298,1N4148WS_600V_6.avi:19.87 s,0.038,1.101,0.824,0.286,0.170,125.736
299,1N4148WS_600V_6.avi:19.94 s,0.038,1.118,0.827,0.285,0.170,125.845
300,1N4148WS_600V_6.avi:20.01 s,0.038,1.135,0.829,0.285,0.170,125.205
301,1N4148WS_600V_6.avi:20.07 s,0.038,1.153,0.827,0.285,0.171,126.433
302,1N4148WS_600V_6.avi:20.14 s,0.038,1.173,0.825,0.286,0.171,126.744
303,1N4148WS_600V_6.avi:20.21 s,0.038,1.191,0.822,0.284,0.170,125.753
304,1N4148WS_600V_6.avi:20.27 s,0.038,1.208,0.820,0.285,0.172,124.948
305,1N4148WS_600V_6.avi:20.34 s,0.038,1.224,0.819,0.285,0.171,125.490
306,1N4148WS_600V_6.avi:20.41 s,0.038,1.240,0.819,0.286,0.171,127.213
307,1N4148WS_600V_6.avi:20.47 s,0.038,1.252,0.817,0.285,0.170,127.784
308,1N4148WS_600V_6.avi:20.54 s,0.038,1.261,0.811,0.285,0.171,127.044
309,1N4148WS_600V_6.avi:20.61 s,0.038,1.265,0.800,0.285,0.170,127.160
310,1N4148WS_600V_6.avi:20.67 s,0.038,1.263,0.784,0.285,0.170,128.598
311,1N4148WS_600V_6.avi:20.74 s,0.038,1.254,0.764,0.285,0.171,128.409
312,1N4148WS_600V_6.avi:20.81 s,0.038,1.241,0.742,0.285,0.171,127.857
313,1N4148WS_600V_6.avi:20.87 s,0.038,1.223,0.719,0.285,0.171,128.803
314,1N4148WS_600V_6.avi:20.94 s,0.038,1.199,0.696,0.285,0.172,129.459
315,1N4148WS_600V_6.avi:21.01 s,0.038,1.175,0.675,0.285,0.171,130.554
316,1N4148WS_600V_6.avi:21.07 s,0.038,1.149,0.656,0.286,0.170,130.574
317,1N4148WS_600V_6.avi:21.14 s,0.038,1.123,0.640,0.284,0.171,129.739
318,1N4148WS_600V_6.avi:21.21 s,0.038,1.101,0.627,0.286,0.171,129.631
319,1N4148WS_600V_6.avi:21.27 s,0.038,1.082,0.620,0.284,0.171,129.418
320,1N4148WS_600V_6.avi:21.34 s,0.038,1.071,0.621,0.285,0.171,130.195
321,1N4148WS_600V_6.avi:21.41 s,0.038,1.064,0.629,0.286,0.170,129.298
322,1N4148WS_600V_6.avi:21.47 s,0.038,1.063,0.645,0.286,0.171,128.915
323,1N4148WS_600V_6.avi:21.54 s,0.038,1.068,0.665,0.287,0.171,129.437
324,1N4148WS_600V_6.avi:21.61 s,0.038,1.076,0.687,0.286,0.171,128.495
325,1N4148WS_600V_6.avi:21.67 s,0.038,1.085,0.707,0.285,0.171,127.892
326,1N4148WS_600V_6.avi:21.74 s,0.038,1.097,0.725,0.285,0.171,127.687
327,1N4148WS_600V_6.avi:21.81 s,0.038,1.107,0.737,0.285,0.171,128.158
328,1N4148WS_600V_6.avi:21.87 s,0.038,1.115,0.745,0.285,0.171,127.282
329,1N4148WS_600V_6.avi:21.94 s,0.038,1.123,0.751,0.283,0.171,127.319
330,1N4148WS_600V_6.avi:22.01 s,0.038,1.129,0.753,0.286,0.170,126.834
331,1N4148WS_600V_6.avi:22.07 s,0.038,1.134,0.757,0.286,0.171,127.859
332,1N4148WS_600V_6.avi:22.14 s,0.038,1.139,0.758,0.285,0.171,128.563
333,1N4148WS_600V_6.avi:22.21 s,0.038,1.144,0.757,0.283,0.171,128.107
334,1N4148WS_600V_6.avi:22.27 s,0.038,1.147,0.756,0.283,0.171,128.725
335,1N4148WS_600V_6.avi:22.34 s,0.038,1.154,0.756,0.283,0.172,128.721
336,1N4148WS_600V_6.avi:22.41 s,0.038,1.163,0.758,0.285,0.171,128.313
337,1N4148WS_600V_6.avi:22.47 s,0.038,1.176,0.764,0.285,0.171,127.616
338,1N4148WS_600V_6.avi:22.54 s,0.038,1.191,0.773,0.288,0.170,126.866
339,1N4148WS_600V_6.avi:22.61 s,0.038,1.208,0.784,0.284,0.171,128.050
340,1N4148WS_600V_6.avi:22.67 s,0.038,1.227,0.797,0.287,0.170,127.374
341,1N4148WS_600V_6.avi:22.74 s,0.038,1.245,0.810,0.284,0.171,126.768
342,1N4148WS_600V_6.avi:22.81 s,0.038,1.263,0.823,0.285,0.170,125.687
343,1N4148WS_600V_6.avi:22.87 s,0.038,1.281,0.832,0.285,0.171,126.459
344,1N4148WS_600V_6.avi:22.94 s,0.038,1.296,0.841,0.285,0.170,127.028
345,1N4148WS_600V_6.avi:23.01 s,0.038,1.310,0.848,0.285,0.170,126.111
346,1N4148WS_600V_6.avi:23.07 s,0.038,1.323,0.855,0.284,0.171,126.673
347,1N4148WS_600V_6.avi:23.14 s,0.038,1.335,0.863,0.284,0.171,127.721
348,1N4148WS_600V_6.avi:23.21 s,0.038,1.346,0.870,0.285,0.171,128.127
349,1N4148WS_600V_6.avi:23.27 s,0.038,1.356,0.874,0.286,0.171,126.903
350,1N4148WS_600V_6.avi:23.34 s,0.038,1.366,0.880,0.286,0.170,126.964
351,1N4148WS_600V_6.avi:23.41 s,0.038,1.377,0.885,0.285,0.171,126.945
352,1N4148WS_600V_6.avi:23.47 s,0.038,1.386,0.889,0.283,0.172,127.114
353,1N4148WS_600V_6.avi:23.54 s,0.038,1.396,0.894,0.285,0.170,127.387
354,1N4148WS_600V_6.avi:23.61 s,0.038,1.406,0.900,0.284,0.171,127.609
355,1N4148WS_600V_6.avi:23.67 s,0.038,1.416,0.905,0.284,0.171,127.722
356,1N4148WS_600V_6.avi:23.74 s,0.038,1.425,0.909,0.286,0.171,127.664
357,1N4148WS_600V_6.avi:23.81 s,0.038,1.435,0.914,0.284,0.170,127.414
358,1N4148WS_600V_6.avi:23.87 s,0.038,1.443,0.919,0.284,0.172,126.221
359,1N4148WS_600V_6.avi:23.94 s,0.038,1.452,0.922,0.285,0.171,126.325
360,1N4148WS_600V_6.avi:24.01 s,0.038,1.460,0.925,0.286,0.171,126.637
361,1N4148WS_600V_6.avi:24.07 s,0.038,1.465,0.926,0.285,0.170,126.095
362,1N4148WS_600V_6.avi:24.14 s,0.038,1.468,0.924,0.286,0.170,126.282
363,1N4148WS_600V_6.avi:24.21 s,0.038,1.468,0.921,0.286,0.171,126.880
364,1N4148WS_600V_6.avi:24.27 s,0.038,1.465,0.914,0.286,0.171,125.952
365,1N4148WS_600V_6.avi:24.34 s,0.038,1.461,0.906,0.285,0.171,125.467
366,1N4148WS_600V_6.avi:24.41 s,0.038,1.454,0.895,0.285,0.171,125.177
367,1N4148WS_600V_6.avi:24.47 s,0.038,1.444,0.886,0.284,0.171,126.802
368,1N4148WS_600V_6.avi:24.54 s,0.038,1.432,0.875,0.286,0.171,125.408
369,1N4148WS_600V_6.avi:24.61 s,0.038,1.420,0.866,0.285,0.171,125.105
370,1N4148WS_600V_6.avi:24.67 s,0.038,1.407,0.859,0.285,0.171,125.456
371,1N4148WS_600V_6.avi:24.74 s,0.038,1.395,0.854,0.285,0.171,125.456
372,1N4148WS_600V_6.avi:24.81 s,0.038,1.385,0.852,0.286,0.171,125.770
373,1N4148WS_600V_6.avi:24.87 s,0.038,1.375,0.849,0.285,0.171,125.820
374,1N4148WS_600V_6.avi:24.94 s,0.038,1.366,0.850,0.285,0.171,125.437
375,1N4148WS_600V_6.avi:25.01 s,0.038,1.357,0.851,0.285,0.170,125.709
376,1N4148WS_600V_6.avi:25.07 s,0.038,1.347,0.851,0.285,0.172,126.059
377,1N4148WS_600V_6.avi:25.14 s,0.038,1.338,0.852,0.285,0.171,127.066
378,1N4148WS_600V_6.avi:25.21 s,0.038,1.330,0.854,0.284,0.172,125.968
379,1N4148WS_600V_6.avi:25.27 s,0.038,1.323,0.857,0.286,0.171,125.844
380,1N4148WS_600V_6.avi:25.34 s,0.038,1.317,0.861,0.284,0.171,125.072
381,1N4148WS_600V_6.avi:25.41 s,0.038,1.311,0.865,0.285,0.171,125.959
382,1N4148WS_600V_6.avi:25.47 s,0.038,1.305,0.871,0.286,0.170,126.176
383,1N4148WS_600V_6.avi:25.54 s,0.038,1.301,0.877,0.283,0.171,126.792
384,1N4148WS_600V_6.avi:25.61 s,0.038,1.297,0.885,0.288,0.169,126.163
385,1N4148WS_600V_6.avi:25.67 s,0.038,1.293,0.894,0.283,0.171,126.756
386,1N4148WS_600V_6.avi:25.74 s,0.038,1.291,0.905,0.286,0.169,126.814
387,1N4148WS_600V_6.avi:25.81 s,0.038,1.290,0.916,0.285,0.170,126.217
388,1N4148WS_600V_6.avi:25.87 s,0.038,1.290,0.929,0.284,0.170,125.913
389,1N4148WS_600V_6.avi:25.94 s,0.038,1.293,0.942,0.285,0.170,126.864
390,1N4148WS_600V_6.avi:26.01 s,0.038,1.296,0.953,0.286,0.170,127.009
391,1N4148WS_600V_6.avi:26.07 s,0.038,1.300,0.964,0.285,0.171,127.398
392,1N4148WS_600V_6.avi:26.14 s,0.038,1.304,0.973,0.286,0.170,126.532
393,1N4148WS_600V_6.avi:26.21 s,0.038,1.309,0.980,0.285,0.171,126.392
394,1N4148WS_600V_6.avi:26.27 s,0.038,1.315,0.985,0.286,0.170,125.967
395,1N4148WS_600V_6.avi:26.34 s,0.038,1.321,0.987,0.286,0.171,126.194
396,1N4148WS_600V_6.avi:26.41 s,0.038,1.325,0.987,0.285,0.170,126.346
397,1N4148WS_600V_6.avi:26.47 s,0.038,1.328,0.983,0.285,0.171,126.553
398,1N4148WS_600V_6.avi:26.54 s,0.038,1.329,0.976,0.283,0.172,126.334
399,1N4148WS_600V_6.avi:26.61 s,0.038,1.327,0.966,0.285,0.171,126.587
400,1N4148WS_600V_6.avi:26.67 s,0.038,1.323,0.955,0.284,0.171,126.836
401,1N4148WS_600V_6.avi:26.74 s,0.038,1.317,0.941,0.286,0.170,126.997
402,1N4148WS_600V_6.avi:26.81 s,0.038,1.311,0.927,0.284,0.171,127.759
403,1N4148WS_600V_6.avi:26.87 s,0.038,1.304,0.913,0.285,0.171,128.084
404,1N4148WS_600V_6.avi:26.94 s,0.038,1.296,0.898,0.285,0.171,128.726
405,1N4148WS_600V_6.avi:27.01 s,0.038,1.290,0.885,0.285,0.171,128.206
406,1N4148WS_600V_6.avi:27.07 s,0.038,1.285,0.873,0.285,0.171,127.795
407,1N4148WS_600V_6.avi:27.14 s,0.038,1.279,0.861,0.285,0.171,128.001
408,1N4148WS_600V_6.avi:27.21 s,0.038,1.274,0.849,0.284,0.171,126.835
409,1N4148WS_600V_6.avi:27.27 s,0.038,1.270,0.838,0.285,0.171,125.693
410,1N4148WS_600V_6.avi:27.34 s,0.038,1.266,0.826,0.284,0.171,125.713
411,1N4148WS_600V_6.avi:27.41 s,0.038,1.262,0.814,0.285,0.171,126.390
412,1N4148WS_600V_6.avi:27.48 s,0.038,1.257,0.801,0.285,0.171,127.333
413,1N4148WS_600V_6.avi:27.54 s,0.038,1.251,0.788,0.286,0.170,128.203
414,1N4148WS_600V_6.avi:27.61 s,0.038,1.247,0.774,0.286,0.170,127.530
415,1N4148WS_600V_6.avi:27.68 s,0.039,1.241,0.760,0.286,0.171,127.899
416,1N4148WS_600V_6.avi:27.74 s,0.038,1.234,0.749,0.284,0.171,128.910
417,1N4148WS_600V_6.avi:27.81 s,0.038,1.229,0.740,0.285,0.172,128.104
418,1N4148WS_600V_6.avi:27.88 s,0.038,1.226,0.735,0.285,0.170,127.827
419,1N4148WS_600V_6.avi:27.94 s,0.038,1.226,0.731,0.285,0.171,127.623
420,1N4148WS_600V_6.avi:28.01 s,0.038,1.227,0.732,0.286,0.171,127.186
421,1N4148WS_600V_6.avi:28.08 s,0.039,1.230,0.732,0.286,0.171,127.040
422,1N4148WS_600V_6.avi:28.14 s,0.038,1.232,0.733,0.286,0.171,127.048
423,1N4148WS_600V_6.avi:28.21 s,0.038,1.235,0.735,0.285,0.170,127.308
424,1N4148WS_600V_6.avi:28.28 s,0.038,1.239,0.737,0.285,0.171,126.051
425,1N4148WS_600V_6.avi:28.34 s,0.038,1.248,0.744,0.286,0.170,125.747
426,1N4148WS_600V_6.avi:28.41 s,0.038,1.258,0.751,0.286,0.171,125.325
427,1N4148WS_600V_6.avi:28.48 s,0.038,1.271,0.760,0.285,0.171,125.128
428,1N4148WS_600V_6.avi:28.54 s,0.038,1.283,0.771,0.286,0.170,124.371
429,1N4148WS_600V_6.avi:28.61 s,0.038,1.298,0.783,0.286,0.170,123.032
430,1N4148WS_600V_6.avi:28.68 s,0.038,1.312,0.794,0.286,0.171,123.615
431,1N4148WS_600V_6.avi:28.74 s,0.038,1.325,0.807,0.285,0.170,124.062
432,1N4148WS_600V_6.avi:28.81 s,0.038,1.338,0.819,0.285,0.171,124.429
433,1N4148WS_600V_6.avi:28.88 s,0.038,1.348,0.831,0.285,0.170,123.692
434,1N4148WS_600V_6.avi:28.94 s,0.038,1.358,0.844,0.285,0.171,123.179
435,1N4148WS_600V_6.avi:29.01 s,0.038,1.365,0.856,0.284,0.171,123.443
436,1N4148WS_600V_6.avi:29.08 s,0.038,1.368,0.866,0.287,0.171,122.780
437,1N4148WS_600V_6.avi:29.14 s,0.038,1.366,0.873,0.284,0.171,123.182
438,1N4148WS_600V_6.avi:29.21 s,0.038,1.360,0.876,0.286,0.170,123.884
439,1N4148WS_600V_6.avi:29.28 s,0.038,1.352,0.875,0.286,0.171,124.614
440,1N4148WS_600V_6.avi:29.34 s,0.038,1.340,0.872,0.284,0.171,124.194
441,1N4148WS_600V_6.avi:29.41 s,0.038,1.326,0.864,0.285,0.170,124.683
442,1N4148WS_600V_6.avi:29.48 s,0.038,1.312,0.856,0.285,0.170,125.997
443,1N4148WS_600V_6.avi:29.54 s,0.038,1.297,0.846,0.285,0.170,125.701
444,1N4148WS_600V_6.avi:29.61 s,0.038,1.281,0.833,0.286,0.171,125.870
445,1N4148WS_600V_6.avi:29.68 s,0.038,1.266,0.822,0.285,0.171,126.206
446,1N4148WS_600V_6.avi:29.74 s,0.038,1.251,0.811,0.286,0.171,125.829
447,1N4148WS_600V_6.avi:29.81 s,0.038,1.238,0.802,0.285,0.171,126.571
448,1N4148WS_600V_6.avi:29.88 s,0.038,1.227,0.794,0.284,0.171,126.135
449,1N4148WS_600V_6.avi:29.94 s,0.038,1.214,0.789,0.285,0.171,128.186
450,1N4148WS_600V_6.avi:30.01 s,0.038,1.202,0.785,0.284,0.171,127.951
451,1N4148WS_600V_6.avi:30.08 s,0.038,1.192,0.781,0.286,0.171,125.906
452,1N4148WS_600V_6.avi:30.14 s,0.038,1.185,0.776,0.287,0.170,126.030
453,1N4148WS_600V_6.avi:30.21 s,0.038,1.179,0.772,0.284,0.172,126.121
454,1N4148WS_600V_6.avi:30.28 s,0.038,1.177,0.767,0.285,0.171,125.946
455,1N4148WS_600V_6.avi:30.34 s,0.038,1.175,0.764,0.286,0.171,125.850
456,1N4148WS_600V_6.avi:30.41 s,0.038,1.177,0.763,0.285,0.171,126.261
457,1N4148WS_600V_6.avi:30.48 s,0.039,1.179,0.760,0.287,0.171,126.118
458,1N4148WS_600V_6.avi:30.54 s,0.038,1.183,0.760,0.285,0.171,125.368
459,1N4148WS_600V_6.avi:30.61 s,0.038,1.187,0.760,0.286,0.170,125.607
460,1N4148WS_600V_6.avi:30.68 s,0.038,1.194,0.762,0.287,0.171,125.346
461,1N4148WS_600V_6.avi:30.74 s,0.038,1.201,0.765,0.285,0.171,124.040
462,1N4148WS_600V_6.avi:30.81 s,0.038,1.209,0.769,0.286,0.170,124.421
463,1N4148WS_600V_6.avi:30.88 s,0.038,1.217,0.776,0.287,0.170,124.566
464,1N4148WS_600V_6.avi:30.94 s,0.038,1.225,0.782,0.286,0.171,124.229
465,1N4148WS_600V_6.avi:31.01 s,0.038,1.232,0.788,0.284,0.171,124.099
466,1N4148WS_600V_6.avi:31.08 s,0.038,1.239,0.793,0.286,0.171,124.922
467,1N4148WS_600V_6.avi:31.14 s,0.038,1.244,0.798,0.288,0.170,125.536
468,1N4148WS_600V_6.avi:31.21 s,0.038,1.247,0.802,0.285,0.171,126.075
469,1N4148WS_600V_6.avi:31.28 s,0.038,1.248,0.805,0.287,0.169,126.215
470,1N4148WS_600V_6.avi:31.34 s,0.038,1.249,0.808,0.285,0.170,125.981
471,1N4148WS_600V_6.avi:31.41 s,0.038,1.248,0.810,0.285,0.170,126.454
472,1N4148WS_600V_6.avi:31.48 s,0.038,1.247,0.813,0.286,0.171,126.857
473,1N4148WS_600V_6.avi:31.54 s,0.038,1.247,0.815,0.287,0.170,127.174
474,1N4148WS_600V_6.avi:31.61 s,0.038,1.248,0.819,0.286,0.170,127.173
475,1N4148WS_600V_6.avi:31.68 s,0.038,1.250,0.824,0.286,0.170,126.023
476,1N4148WS_600V_6.avi:31.74 s,0.038,1.253,0.831,0.285,0.171,125.945
477,1N4148WS_600V_6.avi:31.81 s,0.038,1.257,0.838,0.284,0.170,125.273
478,1N4148WS_600V_6.avi:31.88 s,0.038,1.260,0.847,0.285,0.171,126.195
479,1N4148WS_600V_6.avi:31.94 s,0.038,1.264,0.857,0.284,0.171,127.170
480,1N4148WS_600V_6.avi:32.01 s,0.038,1.267,0.866,0.284,0.170,127.051
481,1N4148WS_600V_6.avi:32.08 s,0.038,1.273,0.878,0.284,0.170,126.052
482,1N4148WS_600V_6.avi:32.14 s,0.038,1.275,0.886,0.284,0.171,126.256
483,1N4148WS_600V_6.avi:32.21 s,0.038,1.279,0.894,0.285,0.171,126.827
484,1N4148WS_600V_6.avi:32.28 s,0.038,1.282,0.901,0.286,0.171,126.587
485,1N4148WS_600V_6.avi:32.34 s,0.038,1.285,0.907,0.283,0.171,127.105
486,1N4148WS_600V_6.avi:32.41 s,0.038,1.288,0.911,0.284,0.171,125.493
487,1N4148WS_600V_6.avi:32.48 s,0.038,1.292,0.914,0.285,0.171,124.871
488,1N4148WS_600V_6.avi:32.54 s,0.038,1.298,0.917,0.284,0.171,124.586
489,1N4148WS_600V_6.avi:32.61 s,0.038,1.303,0.921,0.284,0.171,124.852
490,1N4148WS_600V_6.avi:32.68 s,0.038,1.311,0.927,0.285,0.170,125.081
491,1N4148WS_600V_6.avi:32.74 s,0.038,1.320,0.933,0.285,0.171,123.841
492,1N4148WS_600V_6.avi:32.81 s,0.038,1.328,0.939,0.286,0.171,123.655
493,1N4148WS_600V_6.avi:32.88 s,0.038,1.337,0.947,0.286,0.171,124.624
494,1N4148WS_600V_6.avi:32.94 s,0.038,1.344,0.955,0.285,0.171,125.714
495,1N4148WS_600V_6.avi:33.01 s,0.038,1.349,0.964,0.284,0.171,125.906
496,1N4148WS_600V_6.avi:33.08 s,0.038,1.352,0.975,0.284,0.171,126.984
497,1N4148WS_600V_6.avi:33.14 s,0.038,1.355,0.987,0.285,0.171,127.589
498,1N4148WS_600V_6.avi:33.21 s,0.038,1.357,0.998,0.285,0.170,127.774
499,1N4148WS_600V_6.avi:33.28 s,0.038,1.358,1.008,0.286,0.171,127.417
500,1N4148WS_600V_6.avi:33.34 s,0.038,1.359,1.016,0.284,0.171,126.727
501,1N4148WS_600V_6.avi:33.41 s,0.038,1.360,1.022,0.285,0.170,126.789
502,1N4148WS_600V_6.avi:33.48 s,0.038,1.359,1.026,0.285,0.171,128.216
503,1N4148WS_600V_6.avi:33.54 s,0.038,1.358,1.027,0.285,0.171,128.468
504,1N4148WS_600V_6.avi:33.61 s,0.038,1.354,1.024,0.284,0.171,130.045
505,1N4148WS_600V_6.avi:33.68 s,0.038,1.347,1.018,0.286,0.170,129.937
506,1N4148WS_600V_6.avi:33.74 s,0.038,1.340,1.010,0.284,0.171,130.121
507,1N4148WS_600V_6.avi:33.81 s,0.038,1.328,0.998,0.286,0.169,130.477
508,1N4148WS_600V_6.avi:33.88 s,0.038,1.315,0.985,0.285,0.170,130.940
509,1N4148WS_600V_6.avi:33.94 s,0.038,1.300,0.970,0.283,0.172,131.192
510,1N4148WS_600V_6.avi:34.01 s,0.038,1.284,0.955,0.285,0.171,131.433
511,1N4148WS_600V_6.avi:34.08 s,0.038,1.268,0.942,0.285,0.170,130.175
512,1N4148WS_600V_6.avi:34.14 s,0.038,1.252,0.930,0.285,0.171,130.788
513,1N4148WS_600V_6.avi:34.21 s,0.038,1.238,0.918,0.285,0.171,129.180
514,1N4148WS_600V_6.avi:34.28 s,0.038,1.225,0.908,0.286,0.170,127.352
515,1N4148WS_600V_6.avi:34.34 s,0.038,1.213,0.900,0.285,0.170,126.039
516,1N4148WS_600V_6.avi:34.41 s,0.038,1.203,0.892,0.283,0.171,125.978
517,1N4148WS_600V_6.avi:34.48 s,0.038,1.194,0.886,0.285,0.171,126.784
518,1N4148WS_600V_6.avi:34.54 s,0.038,1.186,0.881,0.285,0.171,126.417
519,1N4148WS_600V_6.avi:34.61 s,0.038,1.183,0.882,0.284,0.171,126.250
520,1N4148WS_600V_6.avi:34.68 s,0.038,1.182,0.886,0.285,0.172,125.801
521,1N4148WS_600V_6.avi:34.74 s,0.038,1.185,0.895,0.285,0.171,124.401
522,1N4148WS_600V_6.avi:34.81 s,0.038,1.188,0.903,0.287,0.171,124.730
523,1N4148WS_600V_6.avi:34.88 s,0.038,1.189,0.913,0.285,0.171,126.076
524,1N4148WS_600V_6.avi:34.94 s,0.038,1.192,0.927,0.284,0.171,127.123
525,1N4148WS_600V_6.avi:35.01 s,0.038,1.196,0.943,0.285,0.171,126.724
526,1N4148WS_600V_6.avi:35.08 s,0.038,1.203,0.963,0.285,0.171,125.163
527,1N4148WS_600V_6.avi:35.14 s,0.038,1.208,0.983,0.285,0.170,125.129
528,1N4148WS_600V_6.avi:35.21 s,0.038,1.216,1.007,0.286,0.170,125.544
529,1N4148WS_600V_6.avi:35.28 s,0.038,1.225,1.031,0.284,0.171,125.864
530,1N4148WS_600V_6.avi:35.34 s,0.038,1.235,1.055,0.284,0.171,127.674
531,1N4148WS_600V_6.avi:35.41 s,0.038,1.243,1.077,0.285,0.171,127.522
532,1N4148WS_600V_6.avi:35.48 s,0.038,1.252,1.096,0.285,0.170,127.797
533,1N4148WS_600V_6.avi:35.54 s,0.038,1.258,1.111,0.284,0.170,127.826
534,1N4148WS_600V_6.avi:35.61 s,0.038,1.266,1.125,0.284,0.170,128.780
535,1N4148WS_600V_6.avi:35.68 s,0.038,1.274,1.134,0.285,0.170,128.248
536,1N4148WS_600V_6.avi:35.74 s,0.038,1.280,1.142,0.285,0.170,129.189
537,1N4148WS_600V_6.avi:35.81 s,0.038,1.287,1.146,0.285,0.171,128.988
538,1N4148WS_600V_6.avi:35.88 s,0.038,1.291,1.147,0.284,0.171,128.490
539,1N4148WS_600V_6.avi:35.94 s,0.038,1.295,1.144,0.283,0.171,127.153
540,1N4148WS_600V_6.avi:36.01 s,0.038,1.296,1.136,0.285,0.170,126.540
541,1N4148WS_600V_6.avi:36.08 s,0.038,1.294,1.121,0.286,0.170,126.746
542,1N4148WS_600V_6.avi:36.14 s,0.038,1.290,1.100,0.283,0.170,124.906
543,1N4148WS_600V_6.avi:36.21 s,0.038,1.282,1.078,0.284,0.170,124.658
544,1N4148WS_600V_6.avi:36.28 s,0.038,1.274,1.056,0.284,0.171,125.895
545,1N4148WS_600V_6.avi:36.34 s,0.038,1.265,1.037,0.286,0.171,125.132
546,1N4148WS_600V_6.avi:36.41 s,0.038,1.256,1.021,0.284,0.170,124.305
547,1N4148WS_600V_6.avi:36.48 s,0.038,1.248,1.004,0.285,0.169,123.605
548,1N4148WS_600V_6.avi:36.54 s,0.038,1.241,0.991,0.286,0.170,124.667
549,1N4148WS_600V_6.avi:36.61 s,0.038,1.234,0.977,0.285,0.170,124.968
550,1N4148WS_600V_6.avi:36.68 s,0.038,1.229,0.966,0.285,0.170,123.955
551,1N4148WS_600V_6.avi:36.74 s,0.038,1.226,0.956,0.286,0.171,122.504
552,1N4148WS_600V_6.avi:36.81 s,0.038,1.224,0.946,0.284,0.171,122.928
553,1N4148WS_600V_6.avi:36.88 s,0.038,1.223,0.938,0.286,0.171,123.410
554,1N4148WS_600V_6.avi:36.94 s,0.038,1.224,0.934,0.284,0.171,123.779
555,1N4148WS_600V_6.avi:37.01 s,0.038,1.226,0.933,0.284,0.170,123.739
556,1N4148WS_600V_6.avi:37.08 s,0.038,1.230,0.934,0.285,0.170,122.343
557,1N4148WS_600V_6.avi:37.14 s,0.038,1.233,0.939,0.285,0.170,122.590
558,1N4148WS_600V_6.avi:37.21 s,0.038,1.235,0.947,0.285,0.171,123.704
559,1N4148WS_600V_6.avi:37.28 s,0.038,1.236,0.956,0.286,0.171,124.281
560,1N4148WS_600V_6.avi:37.34 s,0.038,1.235,0.965,0.286,0.170,124.140
561,1N4148WS_600V_6.avi:37.41 s,0.038,1.232,0.974,0.285,0.170,123.780
562,1N4148WS_600V_6.avi:37.48 s,0.038,1.226,0.979,0.284,0.170,124.033
563,1N4148WS_600V_6.avi:37.54 s,0.038,1.215,0.981,0.284,0.170,124.495
564,1N4148WS_600V_6.avi:37.61 s,0.038,1.203,0.979,0.284,0.172,124.199
565,1N4148WS_600V_6.avi:37.68 s,0.038,1.188,0.973,0.285,0.171,124.356
566,1N4148WS_600V_6.avi:37.74 s,0.038,1.170,0.965,0.285,0.171,123.781
567,1N4148WS_600V_6.avi:37.81 s,0.038,1.154,0.957,0.286,0.170,123.717
568,1N4148WS_600V_6.avi:37.88 s,0.038,1.139,0.949,0.286,0.170,123.618
569,1N4148WS_600V_6.avi:37.94 s,0.038,1.124,0.944,0.285,0.170,124.346
570,1N4148WS_600V_6.avi:38.01 s,0.038,1.113,0.940,0.286,0.170,124.132
571,1N4148WS_600V_6.avi:38.08 s,0.038,1.104,0.936,0.284,0.171,123.752
572,1N4148WS_600V_6.avi:38.14 s,0.038,1.096,0.933,0.286,0.171,124.367
573,1N4148WS_600V_6.avi:38.21 s,0.038,1.089,0.929,0.285,0.171,125.522
574,1N4148WS_600V_6.avi:38.28 s,0.038,1.082,0.926,0.286,0.170,125.413
575,1N4148WS_600V_6.avi:38.35 s,0.038,1.076,0.921,0.286,0.170,125.104
576,1N4148WS_600V_6.avi:38.41 s,0.038,1.068,0.914,0.286,0.170,125.214
577,1N4148WS_600V_6.avi:38.48 s,0.038,1.062,0.907,0.285,0.171,124.945
578,1N4148WS_600V_6.avi:38.55 s,0.038,1.055,0.898,0.285,0.170,124.859
579,1N4148WS_600V_6.avi:38.61 s,0.038,1.050,0.889,0.284,0.171,124.471
580,1N4148WS_600V_6.avi:38.68 s,0.038,1.047,0.880,0.284,0.171,124.008
581,1N4148WS_600V_6.avi:38.75 s,0.038,1.044,0.869,0.286,0.171,122.771
582,1N4148WS_600V_6.avi:38.81 s,0.038,1.044,0.859,0.285,0.170,123.503
583,1N4148WS_600V_6.avi:38.88 s,0.039,1.043,0.851,0.287,0.171,123.151
584,1N4148WS_600V_6.avi:38.95 s,0.038,1.046,0.846,0.284,0.171,122.773
585,1N4148WS_600V_6.avi:39.01 s,0.038,1.050,0.844,0.287,0.171,123.049
586,1N4148WS_600V_6.avi:39.08 s,0.038,1.055,0.845,0.286,0.171,122.823
587,1N4148WS_600V_6.avi:39.15 s,0.038,1.060,0.848,0.284,0.171,123.190
588,1N4148WS_600V_6.avi:39.21 s,0.038,1.068,0.855,0.285,0.171,123.210
589,1N4148WS_600V_6.avi:39.28 s,0.038,1.080,0.868,0.285,0.170,123.162
590,1N4148WS_600V_6.avi:39.35 s,0.038,1.092,0.886,0.284,0.170,123.130
591,1N4148WS_600V_6.avi:39.41 s,0.038,1.108,0.908,0.285,0.170,123.817
592,1N4148WS_600V_6.avi:39.48 s,0.038,1.123,0.930,0.285,0.171,124.915
593,1N4148WS_600V_6.avi:39.55 s,0.038,1.136,0.950,0.284,0.170,125.089
594,1N4148WS_600V_6.avi:39.61 s,0.038,1.146,0.966,0.286,0.170,124.422
595,1N4148WS_600V_6.avi:39.68 s,0.038,1.157,0.978,0.283,0.171,124.749
596,1N4148WS_600V_6.avi:39.75 s,0.038,1.166,0.989,0.285,0.172,124.972
597,1N4148WS_600V_6.avi:39.81 s,0.038,1.176,0.998,0.285,0.170,125.234
598,1N4148WS_600V_6.avi:39.88 s,0.038,1.188,1.006,0.286,0.170,125.843
599,1N4148WS_600V_6.avi:39.95 s,0.038,1.200,1.012,0.285,0.171,125.976
600,1N4148WS_600V_6.avi:40.01 s,0.038,1.213,1.018,0.285,0.170,126.440
601,1N4148WS_600V_6.avi:40.08 s,0.038,1.225,1.020,0.285,0.171,126.369
602,1N4148WS_600V_6.avi:40.15 s,0.038,1.237,1.020,0.286,0.170,125.529
603,1N4148WS_600V_6.avi:40.21 s,0.038,1.250,1.018,0.285,0.170,124.929
604,1N4148WS_600V_6.avi:40.28 s,0.038,1.265,1.017,0.286,0.171,125.007
605,1N4148WS_600V_6.avi:40.35 s,0.038,1.279,1.015,0.285,0.171,124.324
606,1N4148WS_600V_6.avi:40.41 s,0.038,1.296,1.011,0.285,0.170,124.191
607,1N4148WS_600V_6.avi:40.48 s,0.038,1.311,1.007,0.284,0.170,124.365
608,1N4148WS_600V_6.avi:40.55 s,0.038,1.327,1.001,0.284,0.171,124.545
609,1N4148WS_600V_6.avi:40.61 s,0.039,1.342,0.995,0.288,0.171,125.182
610,1N4148WS_600V_6.avi:40.68 s,0.038,1.357,0.990,0.286,0.171,125.149
611,1N4148WS_600V_6.avi:40.75 s,0.038,1.373,0.985,0.285,0.171,124.097
612,1N4148WS_600V_6.avi:40.81 s,0.038,1.387,0.982,0.285,0.170,124.336
613,1N4148WS_600V_6.avi:40.88 s,0.038,1.400,0.979,0.286,0.170,124.563
614,1N4148WS_600V_6.avi:40.95 s,0.038,1.411,0.977,0.284,0.170,124.277
615,1N4148WS_600V_6.avi:41.01 s,0.038,1.421,0.974,0.286,0.171,124.899
616,1N4148WS_600V_6.avi:41.08 s,0.038,1.430,0.974,0.285,0.171,124.733
617,1N4148WS_600V_6.avi:41.15 s,0.038,1.439,0.976,0.285,0.170,125.059
618,1N4148WS_600V_6.avi:41.21 s,0.038,1.448,0.980,0.285,0.171,125.508
619,1N4148WS_600V_6.avi:41.28 s,0.038,1.457,0.987,0.285,0.170,125.406
620,1N4148WS_600V_6.avi:41.35 s,0.038,1.464,0.995,0.286,0.170,125.229
621,1N4148WS_600V_6.avi:41.41 s,0.038,1.472,1.004,0.286,0.170,124.664
622,1N4148WS_600V_6.avi:41.48 s,0.039,1.478,1.012,0.287,0.172,124.861
623,1N4148WS_600V_6.avi:41.55 s,0.038,1.484,1.022,0.284,0.171,125.017
624,1N4148WS_600V_6.avi:41.61 s,0.038,1.488,1.033,0.284,0.170,124.986
625,1N4148WS_600V_6.avi:41.68 s,0.038,1.490,1.044,0.285,0.170,124.329
626,1N4148WS_600V_6.avi:41.75 s,0.038,1.493,1.060,0.285,0.171,124.018
627,1N4148WS_600V_6.avi:41.81 s,0.038,1.494,1.076,0.285,0.171,123.825
628,1N4148WS_600V_6.avi:41.88 s,0.038,1.496,1.095,0.285,0.170,123.815
629,1N4148WS_600V_6.avi:41.95 s,0.038,1.497,1.113,0.285,0.170,123.677
630,1N4148WS_600V_6.avi:42.01 s,0.038,1.496,1.133,0.284,0.169,124.208
631,1N4148WS_600V_6.avi:42.08 s,0.038,1.496,1.149,0.284,0.171,124.226
632,1N4148WS_600V_6.avi:42.15 s,0.038,1.495,1.165,0.285,0.171,124.099
633,1N4148WS_600V_6.avi:42.21 s,0.038,1.494,1.177,0.285,0.171,124.732
634,1N4148WS_600V_6.avi:42.28 s,0.038,1.492,1.188,0.285,0.171,125.033
635,1N4148WS_600V_6.avi:42.35 s,0.038,1.489,1.196,0.285,0.170,124.343
636,1N4148WS_600V_6.avi:42.41 s,0.038,1.487,1.203,0.284,0.171,124.297
637,1N4148WS_600V_6.avi:42.48 s,0.038,1.484,1.207,0.284,0.170,123.272
638,1N4148WS_600V_6.avi:42.55 s,0.038,1.479,1.205,0.283,0.171,124.461
639,1N4148WS_600V_6.avi:42.61 s,0.038,1.471,1.199,0.284,0.171,125.409
640,1N4148WS_600V_6.avi:42.68 s,0.038,1.462,1.189,0.285,0.170,125.964
641,1N4148WS_600V_6.avi:42.75 s,0.038,1.451,1.174,0.286,0.170,125.011
642,1N4148WS_600V_6.avi:42.81 s,0.038,1.440,1.156,0.285,0.170,125.262
643,1N4148WS_600V_6.avi:42.88 s,0.038,1.427,1.135,0.285,0.171,125.656
644,1N4148WS_600V_6.avi:42.95 s,0.038,1.413,1.111,0.283,0.170,126.854
645,1N4148WS_600V_6.avi:43.01 s,0.038,1.399,1.085,0.285,0.171,126.781
646,1N4148WS_600V_6.avi:43.08 s,0.038,1.386,1.062,0.284,0.170,127.341
647,1N4148WS_600V_6.avi:43.15 s,0.038,1.373,1.039,0.285,0.171,127.182
648,1N4148WS_600V_6.avi:43.21 s,0.038,1.362,1.019,0.285,0.170,127.078
649,1N4148WS_600V_6.avi:43.28 s,0.038,1.351,1.001,0.285,0.171,126.853
650,1N4148WS_600V_6.avi:43.35 s,0.038,1.340,0.986,0.286,0.171,127.000
651,1N4148WS_600V_6.avi:43.41 s,0.038,1.329,0.972,0.285,0.171,128.020
652,1N4148WS_600V_6.avi:43.48 s,0.038,1.317,0.961,0.285,0.171,129.561
653,1N4148WS_600V_6.avi:43.55 s,0.038,1.307,0.953,0.286,0.171,127.563
654,1N4148WS_600V_6.avi:43.61 s,0.038,1.298,0.946,0.286,0.170,127.168
655,1N4148WS_600V_6.avi:43.68 s,0.038,1.289,0.942,0.285,0.170,126.805
656,1N4148WS_600V_6.avi:43.75 s,0.038,1.282,0.935,0.285,0.171,127.338
657,1N4148WS_600V_6.avi:43.81 s,0.038,1.274,0.928,0.285,0.171,129.088
658,1N4148WS_600V_6.avi:43.88 s,0.038,1.266,0.916,0.287,0.170,128.639
659,1N4148WS_600V_6.avi:43.95 s,0.038,1.256,0.904,0.284,0.170,128.249
660,1N4148WS_600V_6.avi:44.01 s,0.039,1.249,0.893,0.287,0.171,127.238
661,1N4148WS_600V_6.avi:44.08 s,0.038,1.241,0.881,0.286,0.169,127.366
662,1N4148WS_600V_6.avi:44.15 s,0.038,1.236,0.872,0.285,0.171,127.725
663,1N4148WS_600V_6.avi:44.21 s,0.038,1.229,0.862,0.285,0.171,127.742
664,1N4148WS_600V_6.avi:44.28 s,0.038,1.222,0.853,0.285,0.171,128.739
665,1N4148WS_600V_6.avi:44.35 s,0.038,1.216,0.844,0.285,0.170,127.857
666,1N4148WS_600V_6.avi:44.41 s,0.038,1.210,0.837,0.286,0.170,127.711
667,1N4148WS_600V_6.avi:44.48 s,0.038,1.205,0.832,0.285,0.170,128.047
668,1N4148WS_600V_6.avi:44.55 s,0.038,1.195,0.824,0.286,0.170,127.823
669,1N4148WS_600V_6.avi:44.61 s,0.038,1.186,0.817,0.285,0.171,127.752
670,1N4148WS_600V_6.avi:44.68 s,0.038,1.174,0.810,0.285,0.172,126.321
671,1N4148WS_600V_6.avi:44.75 s,0.038,1.162,0.805,0.285,0.170,125.768
672,1N4148WS_600V_6.avi:44.81 s,0.038,1.150,0.802,0.285,0.171,126.621
673,1N4148WS_600V_6.avi:44.88 s,0.038,1.141,0.802,0.286,0.171,127.211
674,1N4148WS_600V_6.avi:44.95 s,0.038,1.138,0.803,0.286,0.171,127.148
675,1N4148WS_600V_6.avi:45.01 s,0.038,1.135,0.802,0.286,0.170,126.095
676,1N4148WS_600V_6.avi:45.08 s,0.038,1.136,0.802,0.286,0.171,125.494
677,1N4148WS_600V_6.avi:45.15 s,0.038,1.137,0.802,0.286,0.170,125.188
678,1N4148WS_600V_6.avi:45.21 s,0.038,1.140,0.805,0.286,0.170,124.970
679,1N4148WS_600V_6.avi:45.28 s,0.038,1.144,0.807,0.285,0.171,125.994
680,1N4148WS_600V_6.avi:45.35 s,0.038,1.146,0.809,0.285,0.170,125.914
681,1N4148WS_600V_6.avi:45.41 s,0.038,1.148,0.809,0.284,0.172,124.822
682,1N4148WS_600V_6.avi:45.48 s,0.038,1.151,0.810,0.285,0.170,124.975
683,1N4148WS_600V_6.avi:45.55 s,0.038,1.155,0.814,0.285,0.171,124.959
684,1N4148WS_600V_6.avi:45.61 s,0.038,1.159,0.821,0.285,0.171,124.946
685,1N4148WS_600V_6.avi:45.68 s,0.038,1.164,0.833,0.285,0.171,123.955
686,1N4148WS_600V_6.avi:45.75 s,0.039,1.171,0.848,0.286,0.172,124.174
687,1N4148WS_600V_6.avi:45.81 s,0.038,1.177,0.865,0.285,0.170,124.511
688,1N4148WS_600V_6.avi:45.88 s,0.038,1.180,0.882,0.286,0.170,124.549
689,1N4148WS_600V_6.avi:45.95 s,0.038,1.180,0.902,0.285,0.171,124.815
690,1N4148WS_600V_6.avi:46.01 s,0.038,1.180,0.923,0.285,0.171,124.149
691,1N4148WS_600V_6.avi:46.08 s,0.038,1.182,0.949,0.286,0.170,124.090
692,1N4148WS_600V_6.avi:46.15 s,0.038,1.184,0.979,0.285,0.170,124.326
693,1N4148WS_600V_6.avi:46.21 s,0.038,1.185,1.009,0.285,0.170,122.978
694,1N4148WS_600V_6.avi:46.28 s,0.038,1.186,1.043,0.285,0.170,122.655
695,1N4148WS_600V_6.avi:46.35 s,0.038,1.188,1.073,0.285,0.170,125.444
696,1N4148WS_600V_6.avi:46.41 s,0.038,1.192,1.101,0.286,0.170,125.730
697,1N4148WS_600V_6.avi:46.48 s,0.038,1.196,1.127,0.285,0.171,125.786
698,1N4148WS_600V_6.avi:46.55 s,0.038,1.201,1.149,0.286,0.170,125.545
699,1N4148WS_600V_6.avi:46.61 s,0.038,1.205,1.170,0.285,0.170,126.098
700,1N4148WS_600V_6.avi:46.68 s,0.038,1.208,1.185,0.285,0.171,126.149
701,1N4148WS_600V_6.avi:46.75 s,0.038,1.208,1.196,0.286,0.170,126.035
702,1N4148WS_600V_6.avi:46.81 s,0.038,1.205,1.202,0.285,0.170,126.878
703,1N4148WS_600V_6.avi:46.88 s,0.038,1.200,1.204,0.284,0.171,127.939
704,1N4148WS_600V_6.avi:46.95 s,0.038,1.194,1.204,0.285,0.171,128.437
705,1N4148WS_600V_6.avi:47.01 s,0.038,1.187,1.199,0.286,0.171,128.017
706,1N4148WS_600V_6.avi:47.08 s,0.038,1.178,1.193,0.287,0.170,127.097
707,1N4148WS_600V_6.avi:47.15 s,0.038,1.168,1.183,0.285,0.171,127.510
708,1N4148WS_600V_6.avi:47.21 s,0.038,1.156,1.174,0.286,0.169,124.798
709,1N4148WS_600V_6.avi:47.28 s,0.038,1.144,1.164,0.286,0.171,121.968
710,1N4148WS_600V_6.avi:47.35 s,0.038,1.132,1.150,0.286,0.170,123.585
711,1N4148WS_600V_6.avi:47.41 s,0.038,1.120,1.134,0.285,0.170,124.819
712,1N4148WS_600V_6.avi:47.48 s,0.038,1.111,1.115,0.285,0.170,125.855
713,1N4148WS_600V_6.avi:47.55 s,0.038,1.102,1.095,0.285,0.170,126.107
714,1N4148WS_600V_6.avi:47.61 s,0.038,1.097,1.072,0.286,0.171,126.942
715,1N4148WS_600V_6.avi:47.68 s,0.038,1.094,1.050,0.285,0.170,128.014
716,1N4148WS_600V_6.avi:47.75 s,0.038,1.096,1.031,0.284,0.170,128.963
717,1N4148WS_600V_6.avi:47.81 s,0.038,1.101,1.018,0.285,0.171,128.921
718,1N4148WS_600V_6.avi:47.88 s,0.038,1.112,1.010,0.285,0.171,128.049
719,1N4148WS_600V_6.avi:47.95 s,0.038,1.124,1.002,0.284,0.170,126.540
720,1N4148WS_600V_6.avi:48.01 s,0.038,1.137,0.997,0.284,0.171,126.809
721,1N4148WS_600V_6.avi:48.08 s,0.038,1.150,0.992,0.285,0.170,127.612
722,1N4148WS_600V_6.avi:48.15 s,0.038,1.163,0.989,0.285,0.170,127.939
723,1N4148WS_600V_6.avi:48.21 s,0.038,1.179,0.990,0.285,0.171,128.003
724,1N4148WS_600V_6.avi:48.28 s,0.038,1.195,0.993,0.286,0.171,126.658
725,1N4148WS_600V_6.avi:48.35 s,0.038,1.213,0.999,0.285,0.171,125.768
726,1N4148WS_600V_6.avi:48.41 s,0.038,1.229,1.005,0.285,0.171,127.549
727,1N4148WS_600V_6.avi:48.48 s,0.038,1.240,1.008,0.286,0.170,128.207
728,1N4148WS_600V_6.avi:48.55 s,0.038,1.249,1.009,0.285,0.170,128.199
729,1N4148WS_600V_6.avi:48.61 s,0.038,1.255,1.010,0.286,0.170,127.010
730,1N4148WS_600V_6.avi:48.68 s,0.038,1.258,1.008,0.286,0.170,125.987
731,1N4148WS_600V_6.avi:48.75 s,0.038,1.261,1.008,0.285,0.171,125.924
732,1N4148WS_600V_6.avi:48.81 s,0.038,1.265,1.011,0.284,0.171,127.045
733,1N4148WS_600V_6.avi:48.88 s,0.038,1.272,1.020,0.285,0.171,127.857
734,1N4148WS_600V_6.avi:48.95 s,0.038,1.280,1.031,0.284,0.171,126.581
735,1N4148WS_600V_6.avi:49.01 s,0.038,1.287,1.041,0.285,0.171,126.110
736,1N4148WS_600V_6.avi:49.08 s,0.038,1.289,1.042,0.286,0.170,126.582
737,1N4148WS_600V_6.avi:49.15 s,0.038,1.282,1.036,0.285,0.170,128.397
738,1N4148WS_600V_6.avi:49.22 s,0.038,1.272,1.025,0.285,0.171,128.967
739,1N4148WS_600V_6.avi:49.28 s,0.038,1.258,1.011,0.286,0.170,128.338
740,1N4148WS_600V_6.avi:49.35 s,0.038,1.244,0.996,0.285,0.170,127.394
741,1N4148WS_600V_6.avi:49.42 s,0.038,1.227,0.980,0.287,0.170,127.958
742,1N4148WS_600V_6.avi:49.48 s,0.038,1.209,0.963,0.286,0.169,127.528
743,1N4148WS_600V_6.avi:49.55 s,0.038,1.193,0.946,0.286,0.170,127.239
744,1N4148WS_600V_6.avi:49.62 s,0.038,1.179,0.931,0.286,0.170,126.749
745,1N4148WS_600V_6.avi:49.68 s,0.038,1.168,0.916,0.285,0.170,126.726
746,1N4148WS_600V_6.avi:49.75 s,0.038,1.159,0.903,0.285,0.171,127.709
747,1N4148WS_600V_6.avi:49.82 s,0.038,1.154,0.894,0.287,0.170,127.544
748,1N4148WS_600V_6.avi:49.88 s,0.038,1.152,0.887,0.286,0.171,126.545
749,1N4148WS_600V_6.avi:49.95 s,0.038,1.153,0.882,0.284,0.171,126.278
750,1N4148WS_600V_6.avi:50.02 s,0.038,1.155,0.880,0.284,0.170,126.232
751,1N4148WS_600V_6.avi:50.08 s,0.038,1.158,0.880,0.285,0.171,126.622
752,1N4148WS_600V_6.avi:50.15 s,0.038,1.160,0.880,0.286,0.171,126.441
753,1N4148WS_600V_6.avi:50.22 s,0.038,1.161,0.879,0.287,0.170,127.365
754,1N4148WS_600V_6.avi:50.28 s,0.038,1.162,0.879,0.286,0.170,126.842
755,1N4148WS_600V_6.avi:50.35 s,0.038,1.163,0.878,0.285,0.170,126.580
756,1N4148WS_600V_6.avi:50.42 s,0.038,1.168,0.880,0.286,0.171,126.581
757,1N4148WS_600V_6.avi:50.48 s,0.038,1.172,0.882,0.286,0.171,126.576
758,1N4148WS_600V_6.avi:50.55 s,0.038,1.175,0.884,0.286,0.170,126.180
759,1N4148WS_600V_6.avi:50.62 s,0.038,1.177,0.885,0.286,0.171,126.666
760,1N4148WS_600V_6.avi:50.68 s,0.038,1.178,0.886,0.287,0.170,127.228
761,1N4148WS_600V_6.avi:50.75 s,0.038,1.176,0.884,0.285,0.171,126.492
762,1N4148WS_600V_6.avi:50.82 s,0.038,1.171,0.879,0.286,0.171,127.116
763,1N4148WS_600V_6.avi:50.88 s,0.038,1.165,0.874,0.285,0.171,127.930
764,1N4148WS_600V_6.avi:50.95 s,0.038,1.157,0.869,0.285,0.170,127.340
765,1N4148WS_600V_6.avi:51.02 s,0.038,1.151,0.866,0.285,0.171,126.525
766,1N4148WS_600V_6.avi:51.08 s,0.038,1.140,0.864,0.287,0.170,125.968
767,1N4148WS_600V_6.avi:51.15 s,0.038,1.131,0.861,0.286,0.170,126.682
768,1N4148WS_600V_6.avi:51.22 s,0.038,1.121,0.861,0.287,0.170,127.201
769,1N4148WS_600V_6.avi:51.28 s,0.038,1.111,0.862,0.286,0.170,126.164
770,1N4148WS_600V_6.avi:51.35 s,0.038,1.101,0.866,0.286,0.170,125.363
771,1N4148WS_600V_6.avi:51.42 s,0.038,1.091,0.868,0.286,0.171,125.079
772,1N4148WS_600V_6.avi:51.48 s,0.038,1.082,0.872,0.285,0.171,126.249
773,1N4148WS_600V_6.avi:51.55 s,0.038,1.077,0.879,0.288,0.170,126.960
774,1N4148WS_600V_6.avi:51.62 s,0.038,1.079,0.894,0.286,0.171,125.820
775,1N4148WS_600V_6.avi:51.68 s,0.038,1.086,0.914,0.286,0.170,125.391
776,1N4148WS_600V_6.avi:51.75 s,0.038,1.095,0.935,0.286,0.170,125.041
777,1N4148WS_600V_6.avi:51.82 s,0.039,1.105,0.957,0.286,0.172,125.868
778,1N4148WS_600V_6.avi:51.88 s,0.039,1.116,0.981,0.288,0.171,125.550
779,1N4148WS_600V_6.avi:51.95 s,0.038,1.129,1.005,0.285,0.170,127.217
780,1N4148WS_600V_6.avi:52.02 s,0.038,1.142,1.029,0.286,0.171,127.490
781,1N4148WS_600V_6.avi:52.08 s,0.038,1.154,1.051,0.285,0.170,126.934
782,1N4148WS_600V_6.avi:52.15 s,0.038,1.161,1.066,0.284,0.171,126.716
783,1N4148WS_600V_6.avi:52.22 s,0.038,1.170,1.077,0.284,0.171,125.801
784,1N4148WS_600V_6.avi:52.28 s,0.038,1.178,1.088,0.284,0.171,125.007
785,1N4148WS_600V_6.avi:52.35 s,0.038,1.188,1.095,0.286,0.169,124.852
786,1N4148WS_600V_6.avi:52.42 s,0.038,1.196,1.096,0.287,0.170,125.169
787,1N4148WS_600V_6.avi:52.48 s,0.038,1.201,1.091,0.284,0.171,125.660
788,1N4148WS_600V_6.avi:52.55 s,0.038,1.205,1.079,0.285,0.171,124.877
789,1N4148WS_600V_6.avi:52.62 s,0.038,1.207,1.064,0.285,0.170,125.651
790,1N4148WS_600V_6.avi:52.68 s,0.038,1.208,1.043,0.285,0.170,125.934
791,1N4148WS_600V_6.avi:52.75 s,0.038,1.205,1.017,0.285,0.170,124.784
792,1N4148WS_600V_6.avi:52.82 s,0.038,1.200,0.983,0.284,0.171,126.192
793,1N4148WS_600V_6.avi:52.88 s,0.038,1.193,0.943,0.285,0.170,126.383
794,1N4148WS_600V_6.avi:52.95 s,0.038,1.183,0.898,0.284,0.171,127.528
795,1N4148WS_600V_6.avi:53.02 s,0.038,1.168,0.848,0.285,0.171,129.096
796,1N4148WS_600V_6.avi:53.08 s,0.038,1.150,0.797,0.285,0.171,129.310
797,1N4148WS_600V_6.avi:53.15 s,0.038,1.128,0.744,0.285,0.171,128.514
798,1N4148WS_600V_6.avi:53.22 s,0.038,1.105,0.693,0.284,0.171,127.689
799,1N4148WS_600V_6.avi:53.28 s,0.038,1.083,0.648,0.284,0.171,128.162
800,1N4148WS_600V_6.avi:53.35 s,0.039,1.064,0.611,0.286,0.172,128.895
801,1N4148WS_600V_6.avi:53.42 s,0.038,1.051,0.584,0.285,0.171,129.290
802,1N4148WS_600V_6.avi:53.48 s,0.039,1.045,0.569,0.287,0.171,128.876
803,1N4148WS_600V_6.avi:53.55 s,0.038,1.044,0.563,0.285,0.170,127.415
804,1N4148WS_600V_6.avi:53.62 s,0.038,1.046,0.568,0.286,0.171,126.761
805,1N4148WS_600V_6.avi:53.68 s,0.038,1.052,0.581,0.286,0.170,126.951
806,1N4148WS_600V_6.avi:53.75 s,0.038,1.059,0.603,0.285,0.171,125.800
807,1N4148WS_600V_6.avi:53.82 s,0.038,1.067,0.630,0.285,0.171,126.073
808,1N4148WS_600V_6.avi:53.88 s,0.038,1.073,0.662,0.285,0.170,125.690
809,1N4148WS_600V_6.avi:53.95 s,0.038,1.075,0.695,0.284,0.172,125.123
810,1N4148WS_600V_6.avi:54.02 s,0.039,1.074,0.730,0.287,0.171,125.833
811,1N4148WS_600V_6.avi:54.08 s,0.038,1.072,0.765,0.285,0.170,125.885
812,1N4148WS_600V_6.avi:54.15 s,0.038,1.069,0.801,0.284,0.171,126.060
813,1N4148WS_600V_6.avi:54.22 s,0.038,1.065,0.837,0.285,0.171,126.127
814,1N4148WS_600V_6.avi:54.28 s,0.038,1.060,0.870,0.285,0.171,127.162
815,1N4148WS_600V_6.avi:54.35 s,0.038,1.055,0.900,0.284,0.171,126.423
816,1N4148WS_600V_6.avi:54.42 s,0.038,1.051,0.928,0.284,0.170,125.987
817,1N4148WS_600V_6.avi:54.48 s,0.038,1.047,0.952,0.285,0.171,127.132
818,1N4148WS_600V_6.avi:54.55 s,0.038,1.044,0.974,0.284,0.170,127.847
819,1N4148WS_600V_6.avi:54.62 s,0.038,1.043,0.992,0.285,0.170,127.130
820,1N4148WS_600V_6.avi:54.68 s,0.038,1.044,1.008,0.285,0.171,126.664
821,1N4148WS_600V_6.avi:54.75 s,0.038,1.047,1.025,0.283,0.171,127.098
822,1N4148WS_600V_6.avi:54.82 s,0.038,1.052,1.042,0.286,0.171,127.051
823,1N4148WS_600V_6.avi:54.88 s,0.038,1.059,1.059,0.284,0.170,127.106
824,1N4148WS_600V_6.avi:54.95 s,0.038,1.067,1.075,0.283,0.170,128.034
825,1N4148WS_600V_6.avi:55.02 s,0.038,1.077,1.090,0.285,0.170,127.761
826,1N4148WS_600V_6.avi:55.08 s,0.038,1.089,1.105,0.286,0.170,127.785
827,1N4148WS_600V_6.avi:55.15 s,0.038,1.101,1.117,0.283,0.171,128.269
828,1N4148WS_600V_6.avi:55.22 s,0.038,1.113,1.126,0.283,0.171,128.711
829,1N4148WS_600V_6.avi:55.28 s,0.038,1.125,1.133,0.285,0.171,128.385
830,1N4148WS_600V_6.avi:55.35 s,0.038,1.138,1.134,0.285,0.170,128.704
831,1N4148WS_600V_6.avi:55.42 s,0.038,1.146,1.130,0.285,0.170,129.508
832,1N4148WS_600V_6.avi:55.48 s,0.038,1.153,1.123,0.285,0.170,129.425
833,1N4148WS_600V_6.avi:55.55 s,0.038,1.159,1.111,0.287,0.170,129.528
834,1N4148WS_600V_6.avi:55.62 s,0.038,1.167,1.098,0.288,0.170,128.313
835,1N4148WS_600V_6.avi:55.68 s,0.038,1.176,1.084,0.284,0.171,127.768
836,1N4148WS_600V_6.avi:55.75 s,0.038,1.184,1.068,0.286,0.170,128.162
837,1N4148WS_600V_6.avi:55.82 s,0.038,1.194,1.051,0.287,0.170,128.831
838,1N4148WS_600V_6.avi:55.88 s,0.038,1.202,1.034,0.285,0.170,128.531
839,1N4148WS_600V_6.avi:55.95 s,0.038,1.210,1.017,0.283,0.170,129.116
840,1N4148WS_600V_6.avi:56.02 s,0.038,1.216,1.002,0.285,0.170,129.108
841,1N4148WS_600V_6.avi:56.08 s,0.038,1.224,0.992,0.286,0.171,129.503
842,1N4148WS_600V_6.avi:56.15 s,0.038,1.232,0.984,0.284,0.171,129.664
843,1N4148WS_600V_6.avi:56.22 s,0.038,1.244,0.983,0.286,0.170,130.191
844,1N4148WS_600V_6.avi:56.28 s,0.038,1.256,0.986,0.286,0.171,130.588
845,1N4148WS_600V_6.avi:56.35 s,0.038,1.268,0.992,0.285,0.171,129.993
846,1N4148WS_600V_6.avi:56.42 s,0.038,1.279,0.997,0.284,0.171,130.684
847,1N4148WS_600V_6.avi:56.48 s,0.038,1.286,1.001,0.284,0.171,130.486
848,1N4148WS_600V_6.avi:56.55 s,0.038,1.290,1.002,0.284,0.171,130.732
849,1N4148WS_600V_6.avi:56.62 s,0.038,1.293,1.002,0.284,0.171,129.520
850,1N4148WS_600V_6.avi:56.68 s,0.038,1.296,1.001,0.282,0.171,128.437
851,1N4148WS_600V_6.avi:56.75 s,0.038,1.298,1.000,0.285,0.171,129.050
852,1N4148WS_600V_6.avi:56.82 s,0.038,1.302,0.998,0.283,0.171,129.068
853,1N4148WS_600V_6.avi:56.88 s,0.038,1.306,0.995,0.284,0.171,128.416
854,1N4148WS_600V_6.avi:56.95 s,0.038,1.311,0.993,0.285,0.171,128.435
855,1N4148WS_600V_6.avi:57.02 s,0.038,1.315,0.993,0.285,0.170,127.274
856,1N4148WS_600V_6.avi:57.08 s,0.038,1.319,0.993,0.284,0.170,126.377
857,1N4148WS_600V_6.avi:57.15 s,0.038,1.320,0.992,0.285,0.171,127.161
858,1N4148WS_600V_6.avi:57.22 s,0.038,1.317,0.984,0.284,0.171,129.501
859,1N4148WS_600V_6.avi:57.28 s,0.038,1.312,0.972,0.283,0.172,129.933
860,1N4148WS_600V_6.avi:57.35 s,0.038,1.302,0.957,0.285,0.172,129.121
861,1N4148WS_600V_6.avi:57.42 s,0.038,1.292,0.944,0.284,0.172,128.928
862,1N4148WS_600V_6.avi:57.48 s,0.038,1.280,0.933,0.284,0.170,128.987
863,1N4148WS_600V_6.avi:57.55 s,0.038,1.267,0.926,0.283,0.170,129.499
864,1N4148WS_600V_6.avi:57.62 s,0.038,1.256,0.921,0.285,0.171,129.664
865,1N4148WS_600V_6.avi:57.68 s,0.038,1.244,0.920,0.283,0.172,129.210
866,1N4148WS_600V_6.avi:57.75 s,0.038,1.233,0.921,0.284,0.171,128.168
867,1N4148WS_600V_6.avi:57.82 s,0.038,1.223,0.925,0.284,0.171,128.100
868,1N4148WS_600V_6.avi:57.88 s,0.038,1.215,0.934,0.282,0.171,127.520
869,1N4148WS_600V_6.avi:57.95 s,0.038,1.210,0.945,0.285,0.171,127.585
870,1N4148WS_600V_6.avi:58.02 s,0.038,1.206,0.956,0.285,0.171,128.371
871,1N4148WS_600V_6.avi:58.08 s,0.038,1.202,0.968,0.285,0.171,129.350
872,1N4148WS_600V_6.avi:58.15 s,0.038,1.199,0.978,0.285,0.170,129.672
873,1N4148WS_600V_6.avi:58.22 s,0.038,1.197,0.984,0.285,0.171,128.991
874,1N4148WS_600V_6.avi:58.28 s,0.038,1.194,0.989,0.284,0.170,128.437
875,1N4148WS_600V_6.avi:58.35 s,0.038,1.192,0.990,0.284,0.171,128.364
876,1N4148WS_600V_6.avi:58.42 s,0.038,1.190,0.990,0.283,0.170,128.581
877,1N4148WS_600V_6.avi:58.48 s,0.038,1.188,0.986,0.286,0.170,128.103
878,1N4148WS_600V_6.avi:58.55 s,0.038,1.186,0.981,0.284,0.170,128.803
879,1N4148WS_600V_6.avi:58.62 s,0.038,1.185,0.978,0.285,0.171,128.799
880,1N4148WS_600V_6.avi:58.68 s,0.038,1.187,0.974,0.285,0.171,128.814
881,1N4148WS_600V_6.avi:58.75 s,0.038,1.189,0.970,0.285,0.171,129.599
882,1N4148WS_600V_6.avi:58.82 s,0.038,1.195,0.967,0.283,0.171,128.857
883,1N4148WS_600V_6.avi:58.88 s,0.038,1.199,0.964,0.283,0.171,129.569
884,1N4148WS_600V_6.avi:58.95 s,0.038,1.206,0.961,0.284,0.170,130.509
885,1N4148WS_600V_6.avi:59.02 s,0.038,1.212,0.959,0.284,0.171,130.976
886,1N4148WS_600V_6.avi:59.08 s,0.038,1.221,0.956,0.285,0.171,130.153
887,1N4148WS_600V_6.avi:59.15 s,0.038,1.229,0.955,0.283,0.172,129.516
888,1N4148WS_600V_6.avi:59.22 s,0.038,1.237,0.953,0.284,0.171,129.456
889,1N4148WS_600V_6.avi:59.28 s,0.038,1.245,0.949,0.284,0.171,129.272
890,1N4148WS_600V_6.avi:59.35 s,0.038,1.253,0.945,0.284,0.171,128.611
891,1N4148WS_600V_6.avi:59.42 s,0.038,1.260,0.941,0.285,0.170,129.163
892,1N4148WS_600V_6.avi:59.48 s,0.038,1.268,0.936,0.285,0.171,128.607
893,1N4148WS_600V_6.avi:59.55 s,0.038,1.275,0.934,0.286,0.171,128.101
894,1N4148WS_600V_6.avi:59.62 s,0.038,1.282,0.932,0.284,0.171,127.679
895,1N4148WS_600V_6.avi:59.68 s,0.038,1.289,0.930,0.285,0.171,128.422
896,1N4148WS_600V_6.avi:59.75 s,0.038,1.293,0.928,0.285,0.171,128.969
897,1N4148WS_600V_6.avi:59.82 s,0.038,1.297,0.926,0.284,0.171,128.503
898,1N4148WS_600V_6.avi:59.88 s,0.038,1.299,0.925,0.285,0.171,128.986
899,1N4148WS_600V_6.avi:59.95 s,0.038,1.300,0.926,0.286,0.171,129.722
900,1N4148WS_600V_6.avi:60.02 s,0.038,1.298,0.927,0.285,0.171,129.935
901,1N4148WS_600V_6.avi:60.08 s,0.038,1.295,0.928,0.284,0.171,130.653
902,1N4148WS_600V_6.avi:60.15 s,0.038,1.292,0.930,0.285,0.171,130.728
903,1N4148WS_600V_6.avi:60.22 s,0.038,1.289,0.932,0.285,0.171,130.734
904,1N4148WS_600V_6.avi:60.29 s,0.038,1.287,0.936,0.285,0.170,130.213
905,1N4148WS_600V_6.avi:60.35 s,0.038,1.285,0.940,0.285,0.170,130.331
906,1N4148WS_600V_6.avi:60.42 s,0.038,1.285,0.946,0.283,0.171,129.928
907,1N4148WS_600V_6.avi:60.49 s,0.038,1.283,0.950,0.283,0.172,129.319
908,1N4148WS_600V_6.avi:60.55 s,0.038,1.283,0.953,0.284,0.171,129.065
909,1N4148WS_600V_6.avi:60.62 s,0.038,1.282,0.957,0.284,0.171,128.657
910,1N4148WS_600V_6.avi:60.69 s,0.038,1.283,0.961,0.285,0.170,128.538
911,1N4148WS_600V_6.avi:60.75 s,0.038,1.282,0.963,0.285,0.172,128.562
912,1N4148WS_600V_6.avi:60.82 s,0.038,1.281,0.965,0.286,0.170,127.871
913,1N4148WS_600V_6.avi:60.89 s,0.038,1.280,0.964,0.286,0.170,128.514
914,1N4148WS_600V_6.avi:60.95 s,0.038,1.277,0.960,0.284,0.170,128.636
915,1N4148WS_600V_6.avi:61.02 s,0.038,1.274,0.955,0.284,0.171,128.604
916,1N4148WS_600V_6.avi:61.09 s,0.038,1.268,0.948,0.284,0.170,128.888
917,1N4148WS_600V_6.avi:61.15 s,0.038,1.261,0.936,0.286,0.171,128.356
918,1N4148WS_600V_6.avi:61.22 s,0.038,1.251,0.923,0.285,0.171,128.268
919,1N4148WS_600V_6.avi:61.29 s,0.038,1.242,0.908,0.286,0.171,128.548
920,1N4148WS_600V_6.avi:61.35 s,0.038,1.232,0.894,0.287,0.171,128.057
921,1N4148WS_600V_6.avi:61.42 s,0.038,1.220,0.877,0.286,0.171,127.898
922,1N4148WS_600V_6.avi:61.49 s,0.038,1.211,0.861,0.284,0.171,128.066
923,1N4148WS_600V_6.avi:61.55 s,0.038,1.199,0.844,0.286,0.170,127.452
